0.804388165473938	0.45151692628860474
0.6248414516448975	0.9206891655921936
0.09859954565763474	1.5560717582702637
-0.697747528553009	0.13581158220767975
0.0888320729136467	1.3537384271621704
-0.8425195813179016	-0.16171026229858398
-1.1383304595947266	-0.7607941627502441
1.573538899421692	-1.2693768739700317
-0.5248749256134033	0.45343711972236633
0.9350389838218689	0.4522115886211395
1.6785688400268555	-1.4015501737594604
-1.1189090013504028	-0.8616001605987549
1.353859305381775	-0.6887226104736328
-0.18051546812057495	1.2050756216049194
-1.0175251960754395	-0.6193295121192932
0.0489828921854496	1.5402928590774536
-0.652212917804718	0.3817808926105499
0.016866566613316536	1.564536213874817
0.6247991323471069	0.9540786743164062
-0.7023798227310181	0.20601503551006317
-1.126204490661621	-0.807851254940033
-1.1569486856460571	-0.9259021878242493
-1.064711093902588	-0.9246032238006592
-0.8104101419448853	-0.21217799186706543
-0.8364349603652954	-0.13769689202308655
-1.0549826622009277	-0.586227536201477
1.144124984741211	-0.22229589521884918
-0.617017388343811	0.4228518009185791
-0.7314523458480835	0.28778982162475586
1.640722393989563	-1.3042478561401367
-0.7693495154380798	0.1522294282913208
-1.05168616771698	-0.8527273535728455
-0.33262431621551514	0.9016708731651306
-0.9432051777839661	-0.6772586703300476
1.6553149223327637	-1.4291367530822754
0.7593453526496887	0.7074301242828369
-0.42295584082603455	0.7892981171607971
-0.12511400878429413	0.717012882232666
-0.6500716805458069	-0.03559700772166252
0.7138931155204773	0.45422375202178955
1.640722393989563	-1.3042478561401367
-0.2363353818655014	1.2006117105484009
-1.0565557479858398	-0.72355055809021
-1.0929977893829346	-0.6755146384239197
-0.8216716647148132	-0.0851452574133873
0.5937567353248596	0.9063277244567871
0.9311379790306091	0.17576436698436737
1.643625259399414	-1.110583782196045
1.6348474025726318	-1.0655702352523804
-1.0681934356689453	-0.5698493123054504
1.0269354581832886	-0.0607563778758049
-1.0019506216049194	-0.4689251184463501
1.5527589321136475	-1.056950330734253
0.9345585107803345	0.2218524068593979
0.857175886631012	0.4191236197948456
-0.7886702418327332	0.039010342210531235
0.88213711977005	0.30037084221839905
1.6211053133010864	-1.4082173109054565
-0.8909180164337158	-0.2741868495941162
0.9014549255371094	0.05471012368798256
-0.4577265679836273	0.8542775511741638
0.04654330387711525	1.508582592010498
-0.9245544075965881	-0.18907751142978668
0.04825997352600098	1.5271449089050293
1.5711396932601929	-1.169705867767334
1.6145013570785522	-1.0726232528686523
-1.088169813156128	-0.7275957465171814
0.6296892762184143	0.7993648052215576
-0.9881557822227478	-0.23717831075191498
1.6316355466842651	-1.4817006587982178
-1.1770280599594116	-0.903083860874176
-0.5747342705726624	0.12447571754455566
0.06055016070604324	1.5406074523925781
-1.0327106714248657	-0.4527615010738373
-1.0929977893829346	-0.6755146384239197
-1.0740705728530884	-0.9136267900466919
1.5358140468597412	-1.085160732269287
-0.5129280686378479	0.608548104763031
1.322558045387268	-0.5133302211761475
0.023212628439068794	1.5239630937576294
-1.0300934314727783	-0.5291627049446106
-1.1415283679962158	-0.8847329020500183
-0.7934091687202454	-0.021071957424283028
-0.31251922249794006	0.7939621210098267
-0.23825231194496155	1.3002479076385498
-0.652212917804718	0.3817808926105499
-0.943194568157196	-0.4537544846534729
1.6242188215255737	-1.3679823875427246
-0.06318683922290802	1.148472547531128
-1.003796100616455	-0.4603409469127655
-1.0691115856170654	-0.5794911980628967
-0.8364349603652954	-0.13769689202308655
-0.079020656645298	1.3437978029251099
1.6348474025726318	-1.0655702352523804
-1.0490076541900635	-0.7506809830665588
1.6017054319381714	-1.0482006072998047
-0.9876987934112549	-0.7547704577445984
0.6812278628349304	0.47929054498672485
-0.9954338669776917	-0.4995792806148529
1.5216717720031738	-1.0918982028961182
-0.49769702553749084	0.5622153282165527
-0.6578190922737122	0.4311162233352661
-0.025091106072068214	1.277644157409668
1.1918954849243164	-0.3454664647579193
-1.0382249355316162	-0.5047444105148315
1.446306586265564	-1.068272590637207
0.6289524435997009	0.7987515926361084
1.4422569274902344	-1.2605583667755127
-1.057651400566101	-0.4711295962333679
-1.0796422958374023	-0.5040227174758911
0.8059877753257751	0.4474944472312927
-1.0303155183792114	-0.6102651953697205
0.0490390807390213	1.423970103263855
1.597344994544983	-1.3266409635543823
-0.989435076713562	-0.5888720154762268
0.048842672258615494	1.6059956550598145
1.432176947593689	-1.2100669145584106
1.6497728824615479	-1.3655025959014893
-0.9718686938285828	-0.5497779250144958
-1.0295859575271606	-0.8823421597480774
0.07956250011920929	1.412544846534729
1.3539135456085205	-0.8838209509849548
-0.9744649529457092	-0.2784275412559509
-1.1770280599594116	-0.903083860874176
0.6295897364616394	0.7967493534088135
-0.07845006883144379	1.242072582244873
0.6979501247406006	0.42860814929008484
-0.2547650635242462	1.4133145809173584
0.07654347270727158	1.544272780418396
0.990825891494751	0.18125316500663757
-0.7202584743499756	0.14354543387889862
1.6695036888122559	-1.4146555662155151
-0.11999523639678955	0.9605656862258911
-0.6866581439971924	0.11676867306232452
0.1047324687242508	1.5685654878616333
1.6695036888122559	-1.4146555662155151
-0.2681451439857483	0.8780165314674377
-0.2339469939470291	0.8047410845756531
-1.0517712831497192	-0.5923316478729248
-0.6781421899795532	0.06398821622133255
-0.6671463251113892	0.471845805644989
-0.6275685429573059	0.39437025785446167
-0.7886702418327332	0.039010342210531235
-1.0929977893829346	-0.6755146384239197
-1.0010111331939697	-0.5840849876403809
0.04077726602554321	1.578090786933899
-1.0054235458374023	-0.34878864884376526
0.6967845559120178	0.5658444166183472
1.5833815336227417	-0.9293197393417358
-1.0746216773986816	-0.6729769706726074
0.0022836315911263227	1.5351520776748657
-0.47888240218162537	0.7978613376617432
-0.7765229344367981	0.03512975573539734
0.10984029620885849	1.5612306594848633
1.6151695251464844	-1.2881580591201782
-1.04866623878479	-0.36782971024513245
1.6151695251464844	-1.2881580591201782
-1.0381571054458618	-0.567297101020813
-0.7064964175224304	0.11877609044313431
-0.05706113204360008	1.159616231918335
-0.8913518190383911	-0.3295469284057617
0.07776059210300446	1.6139370203018188
-0.6311085224151611	0.12617456912994385
-0.5794280767440796	0.16627588868141174
-0.4740621745586395	0.9347174763679504
-0.7630972266197205	0.11893359571695328
-0.33343979716300964	0.9069567322731018
0.058399222791194916	1.5655977725982666
1.3384195566177368	-0.7727453708648682
-0.9529721736907959	-0.4556257426738739
-0.6799127459526062	0.1195756122469902
-1.095318078994751	-0.666109561920166
-0.3333721458911896	0.7932873368263245
-1.0264616012573242	-0.5075648427009583
1.5752378702163696	-1.1562893390655518
0.607559859752655	0.9008985757827759
0.030600419268012047	1.5757237672805786
-0.34557464718818665	0.7994614839553833
-0.48900294303894043	0.6641859412193298
1.6099786758422852	-1.4330980777740479
-1.1589469909667969	-0.9405162334442139
-1.109641671180725	-0.8058243989944458
0.6161615252494812	0.8021934628486633
0.6449337601661682	0.8518710732460022
1.3229973316192627	-0.5964677929878235
1.640722393989563	-1.3042478561401367
-0.7457026243209839	0.11279173940420151
-1.0541048049926758	-0.8822153806686401
1.540313482284546	-1.0362101793289185
0.9350389838218689	0.4522115886211395
1.5638136863708496	-0.9604427814483643
1.5710549354553223	-1.2363418340682983
-0.3192809820175171	0.9413230419158936
1.2970185279846191	-0.32677048444747925
-0.8359211087226868	-0.2238813042640686
-0.11491815745830536	1.3558471202850342
-0.7053479552268982	0.20406989753246307
-1.1735461950302124	-0.8521980047225952
1.529691457748413	-1.0147435665130615
-1.0066708326339722	-0.5537173748016357
-1.0286599397659302	-0.46709948778152466
1.637821078300476	-1.432090163230896
-0.9919639825820923	-0.4091435372829437
-0.2913917005062103	1.1688659191131592
-0.8425195813179016	-0.16171026229858398
-1.183436393737793	-0.8611809015274048
-0.7541404962539673	0.3432416319847107
-1.183436393737793	-0.8611809015274048
-0.7096943855285645	0.12810268998146057
1.5268651247024536	-0.8916354179382324
-1.031303882598877	-0.6322670578956604
0.03270990774035454	1.597698450088501
-0.3765278458595276	0.8162763714790344
0.003918399102985859	1.5121506452560425
-0.6963399648666382	0.3236646056175232
-0.8159101605415344	-0.19841669499874115
0.033316779881715775	1.505419135093689
-0.08567822724580765	1.3003203868865967
-0.2651306688785553	1.2208495140075684
-0.966472327709198	-0.29181474447250366
1.334364652633667	-0.8670164942741394
1.5490078926086426	-0.9216578006744385
-0.5129280686378479	0.608548104763031
-1.0327106714248657	-0.4527615010738373
1.3963587284088135	-0.8701028823852539
1.1451550722122192	-0.08828911930322647
-1.0213602781295776	-0.5032438635826111
-0.0010209587635472417	1.4687435626983643
0.8514553308486938	0.4237508475780487
1.2442469596862793	-0.10570774972438812
-0.9855340719223022	-0.4332374632358551
0.6961029767990112	0.6210857629776001
-1.044671893119812	-0.8176766633987427
0.7548269629478455	0.7538498044013977
1.575518250465393	-1.293778657913208
0.03006710670888424	1.524063229560852
-0.9978685975074768	-0.5863414406776428
-1.0300934314727783	-0.5291627049446106
0.033975936472415924	1.474199891090393
-1.1486730575561523	-0.8579140901565552
1.5670360326766968	-1.2111576795578003
-0.4405171573162079	0.782252848148346
-0.8998855948448181	-0.5226892232894897
1.6348474025726318	-1.0655702352523804
-1.0255683660507202	-0.6549587845802307
-1.0449564456939697	-0.6936927437782288
0.9269935488700867	0.18051740527153015
1.5801355838775635	-1.0739786624908447
0.9649289846420288	-0.13399602472782135
1.640722393989563	-1.3042478561401367
-0.9415190815925598	-0.4733596742153168
1.3278698921203613	-0.7571929693222046
-0.7332262396812439	0.07417193800210953
-1.021267056465149	-0.48898687958717346
0.10491545498371124	1.4820001125335693
1.3874380588531494	-0.841687798500061
-0.4007594883441925	0.6994197964668274
-1.0193367004394531	-0.5382243394851685
-0.24354925751686096	1.1015998125076294
-0.9323108196258545	-0.2990162670612335
-0.06496632099151611	1.2211854457855225
1.6397349834442139	-1.37436044216156
-1.057651400566101	-0.4711295962333679
1.3426344394683838	-0.7210562825202942
1.320665717124939	-0.6470452547073364
-1.0312914848327637	-0.6652410626411438
1.362774133682251	-0.9204332828521729
-1.031045913696289	-0.512435257434845
1.6108901500701904	-1.1600887775421143
0.050694528967142105	1.5244598388671875
-1.0894761085510254	-0.8454502820968628
1.719840407371521	-1.5202999114990234
-1.018622636795044	-0.6366216540336609
-1.115740418434143	-0.9261237382888794
-0.7328091263771057	0.11855268478393555
0.058793358504772186	1.5039775371551514
-1.0894761085510254	-0.8454502820968628
0.010614334605634212	1.4061229228973389
-1.134533166885376	-1.0213167667388916
0.6251065731048584	0.7600535750389099
-0.7204898595809937	0.06595846265554428
0.7170526385307312	0.7706544399261475
0.1047324687242508	1.5685654878616333
-0.48712825775146484	0.6077932119369507
-0.7064571976661682	0.2074810117483139
-0.3831954598426819	0.8837146162986755
-0.7328290939331055	-0.09404724836349487
1.6051429510116577	-1.0875239372253418
0.617385983467102	0.6734411120414734
-1.0443124771118164	-0.5930203199386597
-0.4928640127182007	0.8526512384414673
1.662846326828003	-1.3109710216522217
1.4568382501602173	-0.6361235976219177
1.6573947668075562	-1.32743501663208
-0.00652673514559865	1.5137652158737183
-0.6319012641906738	0.3046242892742157
0.6056036353111267	0.8269872069358826
-0.012657476589083672	1.2995831966400146
1.5898640155792236	-1.4355195760726929
-1.033909797668457	-0.5860224366188049
-0.7039612531661987	0.27487272024154663
-1.1770280599594116	-0.903083860874176
0.05191511660814285	1.5559381246566772
0.1027243584394455	1.4862347841262817
1.016850233078003	-0.22019094228744507
-1.1514172554016113	-0.739944338798523
-0.3018213212490082	0.7486853003501892
0.08558893203735352	1.4483429193496704
1.5226517915725708	-0.722267746925354
1.59342360496521	-1.082229495048523
-0.60629802942276	0.37527966499328613
0.08592286705970764	1.5920363664627075
1.3384195566177368	-0.7727453708648682
0.06543958932161331	1.4885236024856567
-0.01056073047220707	1.3871166706085205
1.5858460664749146	-0.9747071862220764
-0.006269012577831745	1.333153486251831
-1.0078232288360596	-0.7481561899185181
-1.0281591415405273	-0.6589438915252686
0.7123766541481018	0.5295831561088562
-0.7815605401992798	-0.013709242455661297
-1.093361496925354	-0.5539276599884033
-0.9881782531738281	-0.4585410952568054
1.6526837348937988	-1.4779905080795288
-0.7536517977714539	0.1353071630001068
0.6314160227775574	0.5382004380226135
-1.0218720436096191	-0.3975101411342621
1.3819273710250854	-0.8973879218101501
-0.9605292677879333	-0.24997562170028687
-0.8364349603652954	-0.13769689202308655
-1.0184811353683472	-0.5351748466491699
0.03130479156970978	1.546469807624817
1.5387632846832275	-1.0830432176589966
0.7255423665046692	0.8428592085838318
1.6526415348052979	-1.169548749923706
-0.820283830165863	-0.13659459352493286
-0.6982021927833557	0.21383938193321228
-0.4902358949184418	0.7515668272972107
-1.019446611404419	-0.3695734441280365
-0.9274046421051025	-0.38654837012290955
1.4969521760940552	-0.7936578392982483
0.6394104361534119	0.8102236390113831
1.2759594917297363	-0.2096533328294754
-1.0486321449279785	-0.5309373736381531
0.6105682849884033	0.9053609371185303
-0.6643155813217163	0.09360095113515854
-0.9749773740768433	-0.2489267736673355
0.06364908814430237	1.4442110061645508
0.045159321278333664	1.5827841758728027
-0.6843186616897583	0.25830668210983276
-1.022592544555664	-0.40510794520378113
-0.9884647130966187	-0.5071398019790649
-0.3578546345233917	0.8797129392623901
-0.32162192463874817	1.0351349115371704
1.6547247171401978	-1.4430605173110962
-0.39862117171287537	0.8201575875282288
-0.6351068615913391	0.2358391135931015
-0.9662362337112427	-0.5554408431053162
0.6046860218048096	0.5992559194564819
0.03539932891726494	1.6110013723373413
1.332979440689087	-0.823945164680481
1.6465210914611816	-1.2536646127700806
0.01655546762049198	1.3918877840042114
0.864626944065094	0.5634835958480835
0.021121643483638763	1.4912539720535278
-1.087594747543335	-0.8818833231925964
0.76158207654953	0.7039967775344849
-0.938165009021759	-0.33358708024024963
0.1027243584394455	1.4862347841262817
0.6901149153709412	0.6145797371864319
0.04124527424573898	1.4416552782058716
1.6255165338516235	-1.2972848415374756
-0.32302433252334595	0.8221061825752258
0.6155112981796265	0.8179295659065247
-0.003142465138807893	1.4878120422363281
-0.18051546812057495	1.2050756216049194
-0.8788536190986633	-0.14505302906036377
0.0756039172410965	1.4736469984054565
0.6826238632202148	0.561957061290741
0.060949329286813736	1.451312780380249
-0.9721041321754456	-0.4383174479007721
-1.1383304595947266	-0.7607941627502441
-0.32597023248672485	0.969057023525238
-0.8364349603652954	-0.13769689202308655
-1.1917462348937988	-0.8748311400413513
-1.0856266021728516	-0.8406318426132202
0.5937567353248596	0.9063277244567871
-0.6970397233963013	0.25448888540267944
-0.22960321605205536	1.0038552284240723
-0.6063817739486694	0.32731401920318604
-0.4244959056377411	0.8467299342155457
-1.1735461950302124	-0.8521980047225952
-0.7447518706321716	0.12482612580060959
0.031681694090366364	1.5381871461868286
1.5281541347503662	-0.9946743249893188
-0.47869056463241577	0.7508901357650757
-0.44827204942703247	0.7362512946128845
0.045159321278333664	1.5827841758728027
-0.43381166458129883	0.8498274683952332
-0.7169153094291687	0.05681099370121956
1.3122022151947021	-0.5855665802955627
0.7396693825721741	0.8498170375823975
-0.2502972185611725	1.04636812210083
-0.6854671835899353	-0.17312684655189514
1.6220148801803589	-1.5118292570114136
1.337731957435608	-0.7573671340942383
0.07174327224493027	1.5386868715286255
1.633383870124817	-1.2648390531539917
0.6454281806945801	0.8587719798088074
-1.0980122089385986	-0.7704400420188904
-0.3612526059150696	0.8758683204650879
0.02808922342956066	1.3907214403152466
0.9297674298286438	0.21582850813865662
-1.00778329372406	-0.7049890160560608
-0.747870147228241	0.24629326164722443
0.6843088269233704	0.6977006793022156
-0.9758766889572144	-0.49994656443595886
-0.6407456398010254	0.10645076632499695
0.01655546762049198	1.3918877840042114
1.3359153270721436	-0.5562873482704163
-1.0384608507156372	-0.4708242118358612
1.4470874071121216	-1.0823885202407837
1.6134034395217896	-1.1224238872528076
1.3278698921203613	-0.7571929693222046
-1.1074906587600708	-0.8983455300331116
-0.6672787666320801	-0.12567858397960663
-0.8954761028289795	-0.31330880522727966
-0.43054237961769104	0.5617923736572266
1.4343955516815186	-0.6245784759521484
0.04997042939066887	1.5543004274368286
-0.7871456742286682	0.019594067707657814
0.007001274731010199	1.3041151762008667
-0.7543745040893555	0.0030117607675492764
-0.7863888740539551	-0.10939174145460129
-0.48552969098091125	0.7127706408500671
-0.9946101307868958	-0.30179786682128906
-0.7630972266197205	0.11893359571695328
1.6565617322921753	-1.4227335453033447
-1.0019506216049194	-0.4689251184463501
-1.087594747543335	-0.8818833231925964
0.04185681417584419	1.4437609910964966
-0.9970608353614807	-0.5090039372444153
-1.001143217086792	-0.7231194376945496
1.59503972530365	-1.0886672735214233
-1.0060850381851196	-0.9405800700187683
1.553106427192688	-1.1064002513885498
-1.1140650510787964	-0.781406819820404
-1.1300336122512817	-0.9300884008407593
-0.7177282571792603	0.28659334778785706
-0.48032236099243164	0.8068780303001404
0.8673837780952454	0.3444071114063263
-0.9340423345565796	-0.2639516592025757
-0.9445266127586365	-0.41343146562576294
0.6471711993217468	0.7738016843795776
-1.1917462348937988	-0.8748311400413513
-0.3681248128414154	0.8281784653663635
-0.806280255317688	-0.04742367938160896
0.6783179044723511	0.9317818880081177
-0.8364349603652954	-0.13769689202308655
-0.707309365272522	-0.14719751477241516
-0.3924048840999603	0.7737833261489868
-1.0176165103912354	-0.4213164746761322
0.6621701717376709	0.8734213709831238
-1.1076127290725708	-0.7491764426231384
-1.0722533464431763	-0.6397597789764404
0.7034195065498352	0.5106029510498047
1.4481862783432007	-0.9989314675331116
-0.4547226130962372	0.8611830472946167
-0.9222400784492493	-0.3532550632953644
1.428185224533081	-1.05682373046875
-0.9955188632011414	-0.40460410714149475
-0.7212060689926147	0.05477484315633774
0.07487174868583679	1.6293879747390747
-1.1300336122512817	-0.9300884008407593
-0.0060106548480689526	1.3456107378005981
-1.0142900943756104	-0.8194162845611572
-0.040244631469249725	0.9570174217224121
0.041268039494752884	1.5328046083450317
-0.7114973068237305	-0.03184089809656143
-0.38997378945350647	0.8037623167037964
1.697140097618103	-1.4486128091812134
-1.0384608507156372	-0.4708242118358612
0.8633548021316528	0.19318580627441406
-0.9349712133407593	-0.5056633949279785
1.401257872581482	-1.0600167512893677
-1.0757895708084106	-0.5958898663520813
-0.6812471747398376	0.5235021114349365
-1.0746216773986816	-0.6729769706726074
0.7465065717697144	0.7327547669410706
-1.0403648614883423	-0.8198589086532593
-0.010491300374269485	1.526750922203064
1.606130838394165	-1.0896409749984741
1.0768591165542603	-0.00997667945921421
-0.9489147067070007	-0.8044233322143555
-0.2582012116909027	0.9330112338066101
1.6915719509124756	-1.3752665519714355
0.9482371211051941	0.19207216799259186
1.3438738584518433	-0.8298854231834412
0.5937567353248596	0.9063277244567871
-0.4098247289657593	0.9078932404518127
-1.1325663328170776	-0.7729378938674927
-0.5447648763656616	0.7091233134269714
-0.02633858658373356	1.401774287223816
-0.6866581439971924	0.11676867306232452
0.8304582834243774	0.7611438632011414
0.7846153378486633	0.4950658082962036
0.6168975234031677	0.968835711479187
-0.9622555375099182	-0.3733975291252136
-0.9948293566703796	-0.5036444664001465
-0.26729121804237366	0.9194804430007935
0.6000680923461914	0.874756395816803
-1.0544911623001099	-0.49498167634010315
-1.0151456594467163	-0.5091160535812378
1.6544435024261475	-1.4060046672821045
-0.5432427525520325	0.4061168134212494
-1.0327106714248657	-0.4527615010738373
0.9068933725357056	0.14835616946220398
-1.0571008920669556	-0.5613396167755127
-1.0268492698669434	-0.4424113631248474
-0.7418478727340698	0.09534253180027008
0.019310373812913895	1.56438410282135
-1.093941330909729	-0.6046202182769775
-0.37651124596595764	0.7175920009613037
0.591834545135498	0.8421761989593506
-0.7508879899978638	0.17703743278980255
0.8077908754348755	0.8681708574295044
0.6161615252494812	0.8021934628486633
1.3574000597000122	-0.6983005404472351
0.8138514161109924	0.5375043749809265
1.0325173139572144	-0.1981816589832306
-0.015824293717741966	1.4073450565338135
-0.5305795669555664	0.5526626706123352
-1.183436393737793	-0.8611809015274048
-1.0259360074996948	-0.5001878142356873
0.6017442345619202	0.7942948937416077
-1.1427780389785767	-0.7892617583274841
0.035635873675346375	1.3826154470443726
-0.6679182648658752	0.16347962617874146
1.5837273597717285	-1.279908537864685
0.9786105751991272	-0.07136966288089752
1.4610193967819214	-1.1613868474960327
-0.42565733194351196	0.8564432263374329
-1.093361496925354	-0.5539276599884033
1.6465210914611816	-1.2536646127700806
-0.8084158897399902	-0.0694131925702095
-0.5853845477104187	0.5605674386024475
-0.7901119589805603	-0.07628458738327026
1.2809340953826904	-0.10122609883546829
0.0344250351190567	1.1087504625320435
1.6099786758422852	-1.4330980777740479
-0.44827204942703247	0.7362512946128845
1.5474646091461182	-0.9306344389915466
-0.7814170122146606	0.14595532417297363
1.6267268657684326	-1.4118599891662598
-0.8559560179710388	-0.18372532725334167
-0.994888186454773	-0.4250813126564026
0.8687876462936401	0.3490435481071472
-0.024843858554959297	1.1211771965026855
0.5977733731269836	0.8463256359100342
-0.7846454381942749	-0.0026037453208118677
1.5845609903335571	-1.0902724266052246
1.576345443725586	-0.8654665946960449
-0.6797454953193665	0.20967228710651398
-1.0743449926376343	-0.6504616141319275
-0.32088136672973633	0.7563430666923523
0.812691330909729	0.4286154806613922
1.34981369972229	-0.796638011932373
-0.44827204942703247	0.7362512946128845
-0.35616835951805115	0.8687555193901062
1.5518932342529297	-1.0600669384002686
-0.3287149965763092	0.6908097863197327
0.06624767929315567	1.4604566097259521
-0.8646852970123291	-0.20672021806240082
1.4216976165771484	-1.0391613245010376
-0.6015130877494812	0.3505537807941437
0.8382666110992432	0.338990718126297
-1.0024454593658447	-0.6416207551956177
-0.7815605401992798	-0.013709242455661297
1.640722393989563	-1.3042478561401367
0.6247991323471069	0.9540786743164062
-1.0413156747817993	-0.5811101198196411
1.6164740324020386	-1.2403167486190796
1.6121090650558472	-1.4238256216049194
0.010507308878004551	1.3915410041809082
0.6759867072105408	0.6691452264785767
-1.1486730575561523	-0.8579140901565552
-0.30894142389297485	0.8484532237052917
-0.49638378620147705	0.7497710585594177
-1.0490076541900635	-0.7506809830665588
-0.35802072286605835	0.7848052382469177
0.0732317641377449	1.5388073921203613
-1.03364098072052	-0.6086341738700867
1.3227918148040771	-0.46558722853660583
-0.052122365683317184	1.1746654510498047
0.9504261612892151	-0.005870534107089043
-0.4186042547225952	0.6366808414459229
-0.8364349603652954	-0.13769689202308655
1.629221796989441	-1.1997846364974976
-1.0355831384658813	-0.5130738615989685
-0.7092788815498352	0.06694717705249786
0.09839345514774323	1.504103422164917
0.08464910835027695	1.619991421699524
-0.48900294303894043	0.6641859412193298
1.409383773803711	-0.8657541871070862
-0.29861292243003845	1.4136834144592285
-0.7021251320838928	0.23900482058525085
1.5908265113830566	-1.0976208448410034
-0.7173527479171753	0.0068387375213205814
1.1085163354873657	0.1721450239419937
-1.0019506216049194	-0.4689251184463501
-1.0998958349227905	-0.7386044859886169
-1.0743449926376343	-0.6504616141319275
-1.031782865524292	-0.561236560344696
0.03270990774035454	1.597698450088501
-0.44827204942703247	0.7362512946128845
-0.6409974694252014	0.38611769676208496
-1.0410679578781128	-0.570986270904541
-0.31906402111053467	0.8819137811660767
0.04751387983560562	1.4967917203903198
0.614596962928772	0.9461473822593689
1.3820374011993408	-0.8283665180206299
-0.6828794479370117	0.2774581015110016
-0.5631184577941895	0.3395128548145294
1.6264845132827759	-1.2843225002288818
-0.719880998134613	-0.014224334619939327
0.019866090267896652	1.636104702949524
0.06064290180802345	1.5054609775543213
0.8226873278617859	0.49805593490600586
-0.03622877597808838	1.203727126121521
1.6110507249832153	-1.0579988956451416
-0.25795668363571167	0.9471492767333984
1.5017833709716797	-1.4746756553649902
0.883486807346344	0.32110655307769775
-0.9585605263710022	-0.4304591119289398
0.011619556695222855	1.4351952075958252
0.9196789860725403	0.3589925169944763
-0.9779254794120789	-0.4395863711833954
-0.7703848481178284	0.0467064306139946
-0.4801415801048279	0.9073720574378967
0.036266010254621506	1.5797799825668335
1.6745957136154175	-1.3907432556152344
0.04433209449052811	1.5146152973175049
1.3451898097991943	-0.7492955327033997
0.5995147824287415	0.7763082981109619
0.7433139681816101	0.9150658845901489
-0.7544496655464172	-0.009963794611394405
-1.006142020225525	-0.24705243110656738
-0.9688600897789001	-0.38442328572273254
1.3021818399429321	-0.36615175008773804
-0.9758766889572144	-0.49994656443595886
-0.7732614874839783	0.09328549355268478
-0.6565619707107544	0.25572243332862854
-0.11804483830928802	1.5383930206298828
-1.093361496925354	-0.5539276599884033
0.7575874924659729	0.5287313461303711
-0.10377844423055649	1.4236345291137695
-1.0774117708206177	-0.4946330487728119
0.08660363405942917	1.5923779010772705
-0.0023806800600141287	1.50638747215271
-1.0748471021652222	-0.650368869304657
-0.8893932700157166	-0.10336229205131531
-0.9352365136146545	-0.3480927348136902
-1.0172947645187378	-0.4935101568698883
0.03355754166841507	1.534891963005066
-1.0178930759429932	-0.4759589731693268
-0.3413068950176239	0.7717940211296082
-1.0351015329360962	-0.5100687742233276
-0.666031002998352	0.32248610258102417
-1.1048394441604614	-0.5818123817443848
-0.8075948357582092	-0.1544598937034607
-0.9225881099700928	-0.5068216919898987
-1.0384608507156372	-0.4708242118358612
-0.12357233464717865	1.3415077924728394
-0.44827204942703247	0.7362512946128845
-1.076416015625	-0.8807566165924072
-0.012256312184035778	1.2544459104537964
-0.7350050806999207	-0.03245469927787781
0.036266010254621506	1.5797799825668335
0.6967845559120178	0.5658444166183472
1.390783429145813	-1.1143934726715088
1.6738967895507812	-1.5001734495162964
-0.554004967212677	0.42280709743499756
-0.9949049949645996	-0.40225526690483093
0.6813977360725403	0.7566865682601929
-0.18051546812057495	1.2050756216049194
-1.066369891166687	-0.7248504161834717
1.634738564491272	-1.1462926864624023
0.9482371211051941	0.19207216799259186
-0.4012666940689087	0.9834814071655273
-0.9152562618255615	-0.37389203906059265
0.03151054307818413	1.5271952152252197
0.004991691559553146	1.204067349433899
0.0908002108335495	1.6580862998962402
-0.8046540021896362	-0.15887238085269928
-0.8364349603652954	-0.13769689202308655
-0.28206443786621094	1.3186429738998413
-0.5814322233200073	0.36272183060646057
0.6778294444084167	0.578641951084137
0.6493958830833435	0.9118698835372925
-0.004307726863771677	1.575169563293457
1.6413538455963135	-1.2788561582565308
1.691147804260254	-1.4351321458816528
-0.8006073832511902	-0.10882614552974701
1.6257578134536743	-1.3023601770401
-0.9598326086997986	-0.6074283719062805
-0.3249802589416504	0.9042598605155945
-0.007757890038192272	1.3320175409317017
-0.75660240650177	0.24088451266288757
1.6413474082946777	-1.566351056098938
1.221359372138977	-0.4496361315250397
-0.8425195813179016	-0.16171026229858398
0.6398434042930603	0.9531844854354858
-0.42862409353256226	0.9199364185333252
-0.7278473973274231	-0.12137079983949661
1.600553035736084	-1.2765427827835083
-0.7177448868751526	0.030871065333485603
0.03218571096658707	1.4210559129714966
0.5937567353248596	0.9063277244567871
-1.0338267087936401	-0.5223413705825806
1.6393691301345825	-1.4362629652023315
-1.0579968690872192	-0.7717046737670898
0.6176139712333679	0.7927586436271667
-0.7778459787368774	0.012106801383197308
-1.0888515710830688	-0.6047592759132385
-0.6330007910728455	0.28873205184936523
-1.0519310235977173	-0.7267492413520813
-0.6772792935371399	0.35981884598731995
-0.015824293717741966	1.4073450565338135
0.8693285584449768	0.47401589155197144
-0.24469706416130066	0.7017706036567688
-0.10678476840257645	1.4377256631851196
0.05260239169001579	1.4619011878967285
-1.0012977123260498	-0.2921564280986786
-0.2483246773481369	0.9613350629806519
0.038723692297935486	1.5612232685089111
-0.039700526744127274	1.2933883666992188
-0.7023798227310181	0.20601503551006317
-1.095318078994751	-0.666109561920166
0.6402900218963623	0.7499806880950928
-0.7221272587776184	0.385172963142395
1.612823724746704	-1.314924716949463
-0.8875620365142822	-0.291509211063385
-1.0327106714248657	-0.4527615010738373
0.8749337792396545	0.3526143729686737
-0.7273984551429749	0.08380161970853806
1.4821701049804688	-0.7740105986595154
-0.35462039709091187	0.7825369238853455
0.9126269221305847	0.045038752257823944
-1.0698736906051636	-0.6671253442764282
1.072348952293396	-0.22557614743709564
0.9799483418464661	0.3389953076839447
-1.0968314409255981	-0.651868999004364
1.5348693132400513	-1.0911738872528076
0.0822591707110405	1.5946893692016602
0.9023638367652893	0.5222909450531006
1.12728750705719	0.12120937556028366
-0.38504308462142944	0.823727548122406
1.3706862926483154	-0.89840167760849
0.057777296751737595	1.4886921644210815
-0.23836152255535126	1.108141541481018
1.0872725248336792	0.05944939702749252
-0.36380988359451294	0.7200685739517212
1.3289133310317993	-0.6406373977661133
-1.0384608507156372	-0.4708242118358612
-1.0000765323638916	-0.33213526010513306
-0.7259279489517212	0.2791723310947418
-0.7464141249656677	0.013286121189594269
0.657503604888916	0.6257701516151428
1.32038414478302	-0.5848315358161926
0.02451316826045513	1.5561573505401611
-0.7538911700248718	0.060826800763607025
-1.0458658933639526	-0.446876585483551
-0.007523477077484131	1.543524980545044
0.7198674082756042	0.541411817073822
0.08566092699766159	1.6439785957336426
-1.0031819343566895	-0.4777818024158478
-0.4692738950252533	1.013421654701233
0.6251711845397949	0.7246493101119995
1.374268889427185	-0.8062162399291992
-1.1325663328170776	-0.7729378938674927
-1.1735461950302124	-0.8521980047225952
-1.0467158555984497	-0.5960052609443665
-1.0796725749969482	-0.6951266527175903
-1.0494693517684937	-0.704463005065918
-0.6786885857582092	0.43194249272346497
-1.2092366218566895	-0.8432394862174988
1.5574440956115723	-0.9747156500816345
0.9820640087127686	0.014105410315096378
1.1782147884368896	-0.38046619296073914
-0.7699839472770691	-0.09375030547380447
-1.0299550294876099	-0.4986363351345062
-1.0384608507156372	-0.4708242118358612
0.050098903477191925	1.5646247863769531
-1.1140650510787964	-0.781406819820404
-0.7346125841140747	0.21202167868614197
-0.30649951100349426	0.8713498115539551
-0.7696692943572998	0.09281372278928757
-0.9616435766220093	-0.4460824728012085
0.5937567353248596	0.9063277244567871
0.011213903315365314	1.4257843494415283
-1.1076127290725708	-0.7491764426231384
0.7362156510353088	0.5638885498046875
0.005552168935537338	1.4113703966140747
-1.1735461950302124	-0.8521980047225952
1.4866174459457397	-0.7742965817451477
-0.2745305597782135	1.0822930335998535
-1.0285468101501465	-0.46248337626457214
-0.6308150887489319	0.20928849279880524
-0.6770012974739075	0.31595051288604736
1.331140160560608	-0.6589701175689697
0.06077224016189575	1.6469260454177856
1.446306586265564	-1.068272590637207
0.10924374312162399	1.6145662069320679
0.762405276298523	0.3798172175884247
-1.0231856107711792	-0.5091235637664795
-0.7446320652961731	0.12707753479480743
-0.6359284520149231	0.28400352597236633
-0.009825837798416615	1.576722502708435
-0.4109819531440735	1.0430279970169067
1.598918080329895	-1.0309096574783325
-0.6380667090415955	0.07008475065231323
1.056993842124939	-0.024200940504670143
-1.0094614028930664	-0.6339308619499207
-0.9395023584365845	-0.39806076884269714
1.6151695251464844	-1.2881580591201782
-1.1325663328170776	-0.7729378938674927
1.3426344394683838	-0.7210562825202942
1.0024453401565552	0.014417530968785286
-1.183436393737793	-0.8611809015274048
0.0988972932100296	1.453041911125183
-1.0691115856170654	-0.5794911980628967
0.6521169543266296	0.9583077430725098
1.579878807067871	-1.1081492900848389
-1.0622395277023315	-0.6666046380996704
-1.008028507232666	-0.49184831976890564
-0.4037223756313324	0.5926277041435242
-0.007621387019753456	1.4905750751495361
-0.7540166974067688	0.08527565747499466
-0.43003591895103455	0.7170317769050598
-0.7168919444084167	-0.13199816644191742
0.6395900845527649	0.8391208648681641
-0.8425195813179016	-0.16171026229858398
-0.6847745776176453	0.06558562070131302
-0.7744823098182678	0.01860054023563862
-1.0647869110107422	-0.6173887848854065
0.7974604368209839	0.32873931527137756
-0.671000063419342	0.2980187237262726
1.7313084602355957	-1.5770456790924072
0.05378574877977371	1.53081214427948
0.6314160227775574	0.5382004380226135
0.027756083756685257	1.5437569618225098
-0.6949781179428101	0.20653308928012848
-0.9470169544219971	-0.4350624978542328
-0.9296382069587708	-0.38963714241981506
-1.0234274864196777	-0.4458230137825012
0.09191662818193436	1.4441502094268799
0.052792180329561234	1.6722766160964966
-1.0471274852752686	-0.5002585053443909
-0.709378719329834	0.10832808166742325
-1.051448941230774	-0.6963880062103271
-0.4129909574985504	0.9403374791145325
-1.093361496925354	-0.5539276599884033
-0.9229791164398193	-0.24706071615219116
1.5387632846832275	-1.0830432176589966
0.05491187423467636	1.5525623559951782
0.8583909869194031	0.5926036238670349
-0.28673437237739563	0.7913531064987183
-0.8364349603652954	-0.13769689202308655
1.5989227294921875	-1.223563551902771
-1.0156378746032715	-0.7748550772666931
0.08895565569400787	1.5517300367355347
-1.1735461950302124	-0.8521980047225952
1.0455268621444702	0.06565241515636444
1.6064553260803223	-1.254876732826233
0.06546135991811752	1.5646343231201172
-0.619640052318573	0.1610327810049057
0.6482397317886353	0.82480388879776
0.5995147824287415	0.7763082981109619
-1.148080825805664	-0.7409998178482056
-1.1170154809951782	-0.7377837300300598
-1.080708384513855	-0.6022961139678955
-1.041011929512024	-0.613986074924469
0.9520425200462341	0.09026336669921875
1.5816985368728638	-1.0529989004135132
1.647570013999939	-1.277425765991211
-0.7409738302230835	0.30365461111068726
0.03809636831283569	1.481882929801941
0.8081638216972351	0.6706218123435974
-1.1309630870819092	-0.8804605603218079
-0.44827204942703247	0.7362512946128845
-1.1456117630004883	-0.9273293018341064
-0.38756054639816284	1.0948289632797241
0.9567527174949646	0.38706278800964355
-1.016983985900879	-0.5780450105667114
-0.32531920075416565	0.9245904088020325
-1.0440095663070679	-0.5412180423736572
0.04433209449052811	1.5146152973175049
1.4308379888534546	-1.0240230560302734
0.5992094874382019	0.784786581993103
-0.035477012395858765	1.3185697793960571
0.061349041759967804	1.5629467964172363
-0.9504786729812622	-0.4578460454940796
-1.0647869110107422	-0.6173887848854065
0.08826520293951035	1.5442712306976318
-0.9192934632301331	-0.44534167647361755
0.6034387350082397	0.8788785338401794
0.08476080000400543	1.5191130638122559
-0.1953546702861786	1.2615010738372803
0.02137020416557789	1.4922115802764893
-0.18724963068962097	0.919382631778717
-1.0193363428115845	-0.5201759934425354
-0.2594735324382782	0.7903000116348267
-0.8690839409828186	-0.23526041209697723
1.5299900770187378	-1.2820302248001099
-0.6918264627456665	0.23815162479877472
1.5607482194900513	-0.9962462782859802
1.6577376127243042	-1.2925163507461548
1.3874380588531494	-0.841687798500061
-1.1458752155303955	-0.7862310409545898
-0.6339493989944458	0.4074018895626068
-0.7053591012954712	0.09424436837434769
-1.0692039728164673	-0.9051607847213745
1.4677962064743042	-1.2380527257919312
-1.0320899486541748	-0.8549154996871948
0.043530628085136414	1.4555648565292358
-0.9831048250198364	-0.3900768458843231
-0.9011624455451965	-0.18473966419696808
-1.040890097618103	-0.6466089487075806
1.643625259399414	-1.110583782196045
0.001039688242599368	1.3615567684173584
1.6738967895507812	-1.5001734495162964
1.3702738285064697	-0.9235265254974365
1.6413474082946777	-1.566351056098938
0.6228612065315247	0.9225862622261047
-1.0521799325942993	-0.6196510195732117
-0.6937128305435181	0.03133454546332359
0.009524262510240078	1.4704833030700684
1.5838220119476318	-1.029617428779602
-1.1140650510787964	-0.781406819820404
-0.5351148843765259	0.477726548910141
0.0801256075501442	1.4848496913909912
-0.6749566197395325	0.27661368250846863
1.396044373512268	-0.8486378788948059
-0.7018342018127441	0.07604643702507019
0.11367892473936081	1.6039880514144897
-1.0648791790008545	-0.8719979524612427
0.6155112981796265	0.8179295659065247
0.01046762801706791	1.513396143913269
-0.028136612847447395	1.278239130973816
0.01655546762049198	1.3918877840042114
0.593100368976593	0.896524965763092
-0.9429912567138672	-0.4643901586532593
0.05091864615678787	1.6634163856506348
0.044454675167798996	1.561511754989624
-0.9967777729034424	-0.37049683928489685
1.2672076225280762	-1.0269343852996826
-0.7827813625335693	0.06596682965755463
0.005552168935537338	1.4113703966140747
0.05311783775687218	1.530912160873413
1.396044373512268	-0.8486378788948059
1.629221796989441	-1.1997846364974976
0.7195590138435364	0.49041998386383057
-0.38549113273620605	0.680964469909668
0.007493410259485245	1.2711716890335083
-1.0611618757247925	-0.681986927986145
1.374268889427185	-0.8062162399291992
-0.4774928092956543	0.9357429146766663
0.052816033363342285	1.4501465559005737
-0.05706113204360008	1.159616231918335
0.6251065731048584	0.7600535750389099
-0.3096807897090912	0.9383052587509155
-0.6817546486854553	0.2851669192314148
1.2739282846450806	-0.7025555968284607
-1.0647869110107422	-0.6173887848854065
-0.9696232080459595	-0.35025423765182495
0.07901598513126373	1.4677976369857788
-1.1770280599594116	-0.903083860874176
-1.0517712831497192	-0.5923316478729248
-0.9464551210403442	-0.3045172691345215
-1.058548092842102	-0.5117701292037964
-0.3783877491950989	0.9499537944793701
1.2970185279846191	-0.32677048444747925
-0.48826009035110474	0.5978331565856934
1.615724802017212	-1.1104085445404053
-0.9595692157745361	-0.29460301995277405
-1.005140781402588	-0.34376421570777893
-1.1735461950302124	-0.8521980047225952
-0.8157386779785156	-0.20911291241645813
-0.7934091687202454	-0.021071957424283028
0.05625544860959053	1.3556166887283325
-0.44318026304244995	0.7848748564720154
-0.28198280930519104	0.9011138081550598
-0.9248514175415039	-0.5149175524711609
0.022502632811665535	1.4574966430664062
-1.1170154809951782	-0.7377837300300598
-0.6265471577644348	0.318525105714798
-0.8276823163032532	-0.11151726543903351
1.0274559259414673	-0.046101443469524384
-0.6056956052780151	0.20390328764915466
-0.9001122117042542	-0.23700028657913208
-1.0724396705627441	-0.5971149802207947
-0.41132235527038574	0.9169319868087769
-1.026471495628357	-0.44031649827957153
-0.7815605401992798	-0.013709242455661297
1.3853627443313599	-0.9432984590530396
1.3807018995285034	-0.7699605226516724
-1.033873438835144	-0.47256097197532654
1.2949371337890625	-0.3245818614959717
1.566569209098816	-0.9398686289787292
0.833488404750824	0.24690106511116028
-0.9805763959884644	-0.5241773724555969
-0.013116415590047836	1.540131688117981
-1.1325159072875977	-0.9709848761558533
1.702788233757019	-1.5176371335983276
1.5062276124954224	-1.0127520561218262
-0.9288694858551025	-0.5553020238876343
1.7036930322647095	-1.748110294342041
-1.0968314409255981	-0.651868999004364
0.049950022250413895	1.6058969497680664
1.5996650457382202	-1.4453110694885254
0.0806359052658081	1.434756875038147
-0.9241307377815247	-0.47741612792015076
0.9080272912979126	0.2625584900379181
0.7774173021316528	0.6649331450462341
-0.7071484327316284	0.24847263097763062
0.01903804950416088	1.4907722473144531
-1.0064665079116821	-0.48532748222351074
1.606137752532959	-1.033204197883606
1.6129347085952759	-1.1560767889022827
-0.29700055718421936	0.9181347489356995
1.5960073471069336	-1.1715306043624878
-0.6061742305755615	0.23179465532302856
0.96592116355896	0.06890365481376648
-1.1325663328170776	-0.7729378938674927
-0.9765589237213135	-0.2694506049156189
0.8761796951293945	0.06894193589687347
-0.6299081444740295	0.21615032851696014
-0.7579294443130493	0.3245989680290222
-0.9351387619972229	-0.5591775178909302
-0.35653504729270935	1.0745412111282349
-1.041011929512024	-0.613986074924469
-0.1024351418018341	1.110916018486023
0.6260203123092651	0.8358362913131714
-1.0962821245193481	-0.5533419251441956
1.3950212001800537	-0.797947108745575
0.9227331280708313	0.21591174602508545
0.0232327189296484	1.5986682176589966
-0.985595703125	-0.5640289783477783
0.07235132157802582	1.622994303703308
-1.076483964920044	-0.6473777294158936
-0.4451373815536499	0.924074113368988
-0.8425195813179016	-0.16171026229858398
-0.7934091687202454	-0.021071957424283028
-0.35291987657546997	0.9481205344200134
-0.989345371723175	-0.6400917768478394
-0.6817546486854553	0.2851669192314148
1.4181212186813354	-0.9580622315406799
0.9544467329978943	0.3784066438674927
-0.32688412070274353	0.9466499090194702
-0.7374066114425659	0.10273760557174683
-0.9803910851478577	-0.721735417842865
-0.2969210147857666	1.0189253091812134
0.02508738823235035	1.5182745456695557
-1.0483132600784302	-0.6801518201828003
0.030042164027690887	1.5012614727020264
0.11589707434177399	1.5268083810806274
1.5653706789016724	-0.9800519943237305
1.3431836366653442	-0.7156448364257812
0.07504963129758835	1.6015514135360718
0.8495496511459351	0.43097153306007385
0.01655546762049198	1.3918877840042114
-1.0443124771118164	-0.5930203199386597
0.05471174418926239	1.4641262292861938
-0.7612228989601135	-0.0011409621220082045
-0.3053288459777832	1.1080206632614136
-0.9768941402435303	-0.47800660133361816
-0.6778562068939209	0.12128683179616928
-1.0128990411758423	-0.5562310814857483
-0.9165225625038147	-0.18478794395923615
-1.056007742881775	-0.9427367448806763
0.042943257838487625	1.435929536819458
-1.002787470817566	-0.261014848947525
-0.672101616859436	0.3148821294307709
-0.960551917552948	-0.5418676137924194
-0.8461385369300842	-0.40973564982414246
-1.0757253170013428	-0.7706726789474487
-1.0849645137786865	-0.614294707775116
-0.8646852970123291	-0.20672021806240082
-0.2571510970592499	0.9353349208831787
-0.23276036977767944	1.2614858150482178
0.07095897197723389	1.5925920009613037
0.04185681417584419	1.4437609910964966
-0.6610455513000488	0.2332996428012848
-0.03335237875580788	1.2937332391738892
-1.0598607063293457	-0.7237885594367981
0.01655546762049198	1.3918877840042114
-1.0845932960510254	-0.5623121857643127
-1.0647869110107422	-0.6173887848854065
-1.1280425786972046	-0.7800787091255188
0.04018858075141907	1.5016471147537231
-1.1140650510787964	-0.781406819820404
-0.9970608353614807	-0.5090039372444153
1.6388760805130005	-1.2407982349395752
-0.7283352017402649	0.11640782654285431
0.7750207781791687	0.763355016708374
-0.04300924390554428	1.1433625221252441
-0.9567905068397522	-0.33525750041007996
-1.1076127290725708	-0.7491764426231384
1.520050287246704	-0.8503105044364929
-0.8881781697273254	-0.28309255838394165
1.6425089836120605	-1.3383710384368896
0.050694528967142105	1.5244598388671875
0.6228612065315247	0.9225862622261047
-1.063998818397522	-0.8596950173377991
-1.0179831981658936	-0.617901086807251
-0.05274936929345131	1.142500638961792
0.8862932324409485	0.4856972098350525
1.5978492498397827	-1.1261175870895386
1.551956057548523	-1.0653420686721802
-0.9229791164398193	-0.24706071615219116
0.06988921761512756	1.6360622644424438
0.7257014513015747	0.7768880724906921
0.817048192024231	0.6514430046081543
-1.0565557479858398	-0.72355055809021
-0.9363682866096497	-0.4672139585018158
-0.46063241362571716	0.7603276968002319
1.6549243927001953	-1.4764926433563232
-0.9708232879638672	-0.4579112231731415
-0.023188592866063118	1.235294222831726
-0.8364349603652954	-0.13769689202308655
-0.24602462351322174	1.2799980640411377
-0.7617261409759521	0.0742785707116127
-0.04487656429409981	1.3982549905776978
0.6155112981796265	0.8179295659065247
-0.4186042547225952	0.6366808414459229
-0.964934229850769	-0.46422722935676575
-1.0115866661071777	-0.7838022112846375
-0.14916963875293732	1.5976996421813965
-0.7222263216972351	0.015043697319924831
-0.3168734312057495	0.5152949094772339
0.012587320059537888	1.5520833730697632
-0.8364349603652954	-0.13769689202308655
-0.8425195813179016	-0.16171026229858398
0.6663817167282104	0.7845047116279602
1.5726070404052734	-1.0817670822143555
1.3429292440414429	-0.7040877342224121
1.3835580348968506	-0.989168107509613
-1.011836051940918	-0.5299097299575806
-0.5478489398956299	0.6911108493804932
0.01655546762049198	1.3918877840042114
-0.726424515247345	-0.17672760784626007
0.7950816750526428	0.5278694033622742
0.09508394449949265	1.5643504858016968
0.009005733765661716	1.3985099792480469
-1.0647869110107422	-0.6173887848854065
-0.7053479552268982	0.20406989753246307
-1.0225999355316162	-0.7165443897247314
0.04010277986526489	1.5545233488082886
-1.1770280599594116	-0.903083860874176
-0.2917797863483429	1.007259726524353
-0.7237143516540527	0.1640421748161316
-0.7826942205429077	-0.2188054621219635
1.1749539375305176	-0.29616016149520874
-0.9906554222106934	-0.43740129470825195
-1.0467809438705444	-0.4847186505794525
-1.1458752155303955	-0.7862310409545898
1.2707346677780151	-0.4002079367637634
-0.6536039710044861	0.21078526973724365
0.6228612065315247	0.9225862622261047
-1.0079277753829956	-0.460275799036026
-1.0383297204971313	-0.6043772101402283
-0.44736170768737793	0.9652634859085083
1.6348474025726318	-1.0655702352523804
0.6152843832969666	1.0041881799697876
1.4343955516815186	-0.6245784759521484
-1.1325663328170776	-0.7729378938674927
-0.25909188389778137	0.9616431593894958
-0.6828794479370117	0.2774581015110016
-0.2859994173049927	1.0654693841934204
1.615264654159546	-1.2000399827957153
-0.6009612083435059	0.3922700583934784
0.03256578743457794	1.502622365951538
-0.6284981966018677	0.24877475202083588
-1.0193792581558228	-0.6591526865959167
-1.0512574911117554	-0.7286033034324646
1.6264845132827759	-1.2843225002288818
0.7421987056732178	0.6502060294151306
1.6016103029251099	-1.108245849609375
-0.6616695523262024	0.3820480406284332
1.3705370426177979	-0.7919675707817078
0.596119225025177	0.9612340331077576
-0.3141368627548218	0.9516257643699646
1.6645405292510986	-1.6029492616653442
1.396044373512268	-0.8486378788948059
-1.0442016124725342	-0.5086706876754761
1.592895269393921	-1.1264567375183105
1.529691457748413	-1.0147435665130615
-0.028812233358621597	1.4100072383880615
-0.8499743938446045	-0.17077739536762238
-0.17275658249855042	1.225994348526001
-0.4470517933368683	0.9008075594902039
-1.0300934314727783	-0.5291627049446106
-0.7267487049102783	0.06968569755554199
0.08992498368024826	1.6072278022766113
-0.4653727114200592	0.9196308851242065
1.1905158758163452	-0.20523463189601898
-0.9075804948806763	-0.22151540219783783
1.2958121299743652	-0.6415836215019226
-1.1770280599594116	-0.903083860874176
0.6279258728027344	0.8746467232704163
1.6432310342788696	-1.2070039510726929
0.6196900010108948	0.772023618221283
0.08660363405942917	1.5923779010772705
-1.0019506216049194	-0.4689251184463501
1.5932754278182983	-1.0881707668304443
-0.4261954426765442	0.8610849976539612
0.015323995612561703	1.2679755687713623
-0.9552399516105652	-0.5779767632484436
-0.920440137386322	-0.23876459896564484
-1.130944013595581	-0.89677494764328
0.607559859752655	0.9008985757827759
0.6751071810722351	0.6113348603248596
1.6373846530914307	-1.3515963554382324
0.08459586650133133	1.5111944675445557
-1.093941330909729	-0.6046202182769775
-1.084272861480713	-0.57094407081604
-0.7192568182945251	0.33409979939460754
1.6099786758422852	-1.4330980777740479
-0.4942517876625061	0.5888534784317017
-0.982305109500885	-0.521618664264679
0.6172623634338379	0.8880299925804138
-0.1494993269443512	1.2650384902954102
0.04831625148653984	1.395782470703125
-0.32689228653907776	0.9966058731079102
0.027109986171126366	1.5598690509796143
-1.1770280599594116	-0.903083860874176
1.5600666999816895	-0.8928347229957581
-1.0152627229690552	-0.3545645475387573
-0.9706860184669495	-0.7637547850608826
0.03355754166841507	1.534891963005066
-1.0471274852752686	-0.5002585053443909
-1.0309873819351196	-0.595515787601471
-0.06140890344977379	0.9991154670715332
-0.9640310406684875	-0.3810954689979553
0.055525682866573334	1.4114280939102173
-0.9810491800308228	-0.6220347285270691
1.6086302995681763	-1.2519339323043823
-0.05111324414610863	1.1816307306289673
-0.7817833423614502	-0.09088782966136932
-0.1446021944284439	1.100708246231079
0.7157450914382935	0.5692902207374573
1.588110089302063	-1.0292408466339111
-1.0680296421051025	-0.7142021656036377
-1.1170154809951782	-0.7377837300300598
1.3874380588531494	-0.841687798500061
-0.9623821377754211	-0.5197749137878418
-0.8129819631576538	-0.018798476085066795
-1.082061767578125	-0.7631862759590149
-0.6987668871879578	0.19280540943145752
0.05330345407128334	1.6267307996749878
0.6156072616577148	0.9514431357383728
-0.9955188632011414	-0.40460410714149475
-1.024921178817749	-0.5781393647193909
-0.6786885857582092	0.43194249272346497
0.04647931456565857	1.609548807144165
-0.501099705696106	0.6688882112503052
1.612823724746704	-1.314924716949463
-0.5129280686378479	0.608548104763031
-0.2708066403865814	1.289202094078064
-0.4186042547225952	0.6366808414459229
-0.8646852970123291	-0.20672021806240082
1.5397748947143555	-1.0665942430496216
-0.32638147473335266	0.7225868105888367
-1.0482617616653442	-0.929038941860199
-0.797095000743866	-0.09325980395078659
-0.619537353515625	0.5269408226013184
0.6517278552055359	0.661278247833252
-0.9865173697471619	-0.35366734862327576
0.597018301486969	0.9527314901351929
0.6121290922164917	0.6719147562980652
-0.3794000446796417	0.7956647872924805
1.7480523586273193	-1.7152644395828247
1.738230586051941	-1.7272131443023682
-1.0228687524795532	-0.5345526337623596
0.016392888501286507	1.4089468717575073
-0.122026726603508	1.3716771602630615
1.381087303161621	-0.7813538312911987
-0.4494614005088806	0.9088535308837891
-0.024667585268616676	1.4271397590637207
1.5794252157211304	-1.252648949623108
-1.1735461950302124	-0.8521980047225952
-0.976828932762146	-0.6253291964530945
-0.819406270980835	-0.09648008644580841
-1.1302248239517212	-0.92335045337677
-0.652212917804718	0.3817808926105499
0.7261066436767578	0.7915655970573425
0.7550070881843567	0.6146868467330933
-0.027332108467817307	1.5861567258834839
0.07697924226522446	1.4955577850341797
0.6152843832969666	1.0041881799697876
-1.1392850875854492	-0.9792914986610413
-0.8425195813179016	-0.16171026229858398
0.6251065731048584	0.7600535750389099
-1.0481046438217163	-0.654030978679657
-0.14711497724056244	1.1201287508010864
-0.4412092864513397	0.8482672572135925
-1.1486730575561523	-0.8579140901565552
-1.0539381504058838	-0.6774369478225708
-0.47259876132011414	0.8337252736091614
-0.5815021395683289	0.6775526404380798
0.5931238532066345	0.8619670271873474
1.4006993770599365	-0.9251382946968079
-0.33727937936782837	0.9919982552528381
-0.7114973068237305	-0.03184089809656143
1.6630709171295166	-1.5407766103744507
1.5722019672393799	-1.227817416191101
-0.8485194444656372	-0.07807296514511108
0.6878549456596375	0.6031836271286011
-0.3495623469352722	0.6579113006591797
-0.2624289095401764	0.9107885956764221
1.0174931287765503	-0.06111322343349457
-0.7863888740539551	-0.10939174145460129
-0.40075042843818665	0.9424535036087036
0.6754440665245056	0.6765198707580566
-1.0396617650985718	-0.697681188583374
-0.6760136485099792	0.22469229996204376
-0.7247013449668884	0.13636888563632965
-0.7084479928016663	0.06970294564962387
1.3835580348968506	-0.989168107509613
0.04898751899600029	1.4632396697998047
-0.7871456742286682	0.019594067707657814
-0.015824293717741966	1.4073450565338135
0.6486622095108032	0.8495866060256958
-0.3188213109970093	0.8516658544540405
-1.076416015625	-0.8807566165924072
-0.29289913177490234	0.9161433577537537
0.04689684882760048	1.4814642667770386
-0.30415448546409607	1.0656507015228271
1.6048457622528076	-1.2759801149368286
0.696563720703125	0.4998009204864502
1.4422569274902344	-1.2605583667755127
-0.942933201789856	-0.4141966998577118
-0.6253332495689392	0.2521430552005768
-0.7386079430580139	0.008349875919520855
1.5810502767562866	-1.1790735721588135
1.6738967895507812	-1.5001734495162964
0.7257014513015747	0.7768880724906921
1.2431663274765015	-0.710517168045044
0.008619308471679688	1.5499756336212158
-0.8425195813179016	-0.16171026229858398
-0.5858330726623535	0.22005994617938995
-0.8075948357582092	-0.1544598937034607
0.07921221852302551	1.5501124858856201
-0.39001187682151794	0.6841446161270142
1.3924752473831177	-0.8053582906723022
0.8862932324409485	0.4856972098350525
0.7255423665046692	0.8428592085838318
0.09495013952255249	1.492159366607666
-0.7237143516540527	0.1640421748161316
-0.4774928092956543	0.9357429146766663
-1.183436393737793	-0.8611809015274048
-0.7925191521644592	-0.16476409137248993
1.4300624132156372	-0.970687747001648
1.521295189857483	-0.9002530574798584
0.9817602634429932	-0.02380743809044361
-0.711925745010376	-0.1080869808793068
1.396044373512268	-0.8486378788948059
-0.370321661233902	0.8200876712799072
-1.086020827293396	-0.6734302639961243
-0.8200312256813049	-0.018206816166639328
-0.17413240671157837	1.4209343194961548
-0.28673437237739563	0.7913531064987183
0.019310373812913895	1.56438410282135
-0.42791128158569336	0.9005850553512573
-1.019031047821045	-0.5546187162399292
0.9562076926231384	-0.042834728956222534
1.575518250465393	-1.293778657913208
0.8636472225189209	0.31802716851234436
0.5924320220947266	0.8707770109176636
-1.0434690713882446	-0.44336068630218506
-0.7188524603843689	0.11179140210151672
1.1798228025436401	-0.31857654452323914
0.6017083525657654	0.7019837498664856
-0.33956030011177063	0.8869156837463379
1.3335272073745728	-0.6550973057746887
0.625127375125885	0.7149555683135986
-1.1130800247192383	-0.8545787334442139
-0.7386079430580139	0.008349875919520855
1.5813002586364746	-1.0348020792007446
-0.7447518706321716	0.12482612580060959
-0.8888455629348755	-0.11712314933538437
-0.48900294303894043	0.6641859412193298
0.08826520293951035	1.5442712306976318
-0.7039612531661987	0.27487272024154663
-0.5125137567520142	0.7083486914634705
-1.05168616771698	-0.8527273535728455
0.03255467489361763	1.5219461917877197
0.07697924226522446	1.4955577850341797
-1.1052494049072266	-0.8169140815734863
0.027482125908136368	1.4143658876419067
1.3253607749938965	-0.5997943878173828
0.019697751849889755	1.5211172103881836
0.06234859675168991	1.3895723819732666
-0.060506805777549744	1.1315678358078003
-1.1271607875823975	-0.8610705733299255
-1.0303444862365723	-0.45509955286979675
-0.015824293717741966	1.4073450565338135
0.7349538207054138	0.5666327476501465
1.4790053367614746	-1.2474894523620605
-0.43256399035453796	0.7788165807723999
-0.6847357153892517	0.3126718997955322
1.595455288887024	-1.1819345951080322
-0.26293808221817017	1.2314378023147583
1.299512267112732	-0.40417686104774475
-1.0377286672592163	-0.6415238976478577
-0.777879536151886	-0.16921360790729523
1.6465210914611816	-1.2536646127700806
-1.0294946432113647	-0.525844395160675
1.6345223188400269	-1.2764918804168701
1.2121388912200928	-0.14852167665958405
0.6110742688179016	0.9300068616867065
0.5726228952407837	0.7421388626098633
1.6527804136276245	-1.4105442762374878
0.012580381706357002	1.6242412328720093
-0.9126270413398743	-0.26065748929977417
-1.1427780389785767	-0.7892617583274841
-0.6590476632118225	0.3215218186378479
0.7362670302391052	0.6291309595108032
0.8910567760467529	0.27320629358291626
1.053978443145752	-0.07950057834386826
-0.4755917489528656	0.5735549330711365
-0.4744257926940918	0.565072774887085
-0.7147404551506042	-0.14871065318584442
0.6176139712333679	0.7927586436271667
0.614596962928772	0.9461473822593689
-1.0325300693511963	-0.5737886428833008
-0.08566802740097046	0.9999083876609802
1.607216715812683	-1.0952725410461426
1.613876223564148	-1.4623608589172363
-0.806280255317688	-0.04742367938160896
0.6454281806945801	0.8587719798088074
1.0034087896347046	0.27376410365104675
-0.9812574982643127	-0.3308691382408142
0.07603097707033157	1.5361448526382446
-0.6982021927833557	0.21383938193321228
-0.04712019860744476	1.5697497129440308
-0.9353103637695312	-0.24823056161403656
-1.0877469778060913	-0.6287904381752014
-1.1458752155303955	-0.7862310409545898
1.6210966110229492	-1.4959352016448975
-0.35186195373535156	1.1098055839538574
0.6433490514755249	0.6472123861312866
1.3238862752914429	-0.46272239089012146
0.8835357427597046	0.22247931361198425
-1.1456117630004883	-0.9273293018341064
-1.0883947610855103	-0.777452290058136
0.040836989879608154	1.5641511678695679
0.03433574363589287	1.4474828243255615
-1.0369467735290527	-0.5404624342918396
-0.678604781627655	0.2630012333393097
0.9332213401794434	0.3407776951789856
1.1072407960891724	-0.27749747037887573
1.331140160560608	-0.6589701175689697
1.640722393989563	-1.3042478561401367
-0.08340688794851303	1.369899034500122
-0.39426323771476746	0.89933842420578
-1.1770280599594116	-0.903083860874176
0.022502632811665535	1.4574966430664062
0.9043917655944824	0.14604906737804413
0.6790583729743958	0.9470273852348328
-0.7522013187408447	0.04835989326238632
-0.3713708519935608	0.6887203454971313
1.6151695251464844	-1.2881580591201782
-0.8646852970123291	-0.20672021806240082
-0.8364349603652954	-0.13769689202308655
-1.1156562566757202	-0.5584948062896729
-0.8200312256813049	-0.018206816166639328
-0.4081591069698334	0.6993461847305298
-0.30664145946502686	0.6882361173629761
-1.0647869110107422	-0.6173887848854065
1.3874380588531494	-0.841687798500061
-1.1770280599594116	-0.903083860874176
-0.819406270980835	-0.09648008644580841
0.06722936034202576	1.3704586029052734
0.036641232669353485	1.6086454391479492
-1.1735461950302124	-0.8521980047225952
1.6234631538391113	-1.1257262229919434
-0.43256399035453796	0.7788165807723999
-1.041658878326416	-0.528540849685669
1.272430658340454	-0.5343306660652161
1.233504056930542	-0.13006530702114105
-0.6902682781219482	0.1877322494983673
-1.0532575845718384	-0.5910127758979797
-1.072587490081787	-0.5160599946975708
-0.43929725885391235	0.5176811218261719
1.6277927160263062	-1.1818654537200928
-1.1140650510787964	-0.781406819820404
1.3231850862503052	-0.5430952310562134
1.3820374011993408	-0.8283665180206299
-0.7291726469993591	0.2343248575925827
-1.0995662212371826	-0.6870355010032654
1.3364758491516113	-0.6312006115913391
-0.42042413353919983	0.6406314969062805
-1.082849144935608	-0.5939611792564392
0.6612778306007385	0.6048769950866699
-0.06068085879087448	1.384216547012329
-0.7123182415962219	0.13235270977020264
-1.0544911623001099	-0.49498167634010315
0.04784171283245087	1.517712116241455
1.6464852094650269	-1.2644747495651245
-1.0724396705627441	-0.5971149802207947
-0.7699839472770691	-0.09375030547380447
-0.7815605401992798	-0.013709242455661297
-0.7975068092346191	0.1188734695315361
-0.06384708732366562	1.3095053434371948
1.3826963901519775	-0.758755087852478
-0.021929685026407242	1.4679625034332275
-0.7396333813667297	0.20922881364822388
-0.12359079718589783	1.425445556640625
-0.46105334162712097	0.7147290706634521
-0.9544645547866821	-0.6548483371734619
-0.4498567581176758	0.9382337927818298
-1.0143070220947266	-0.5915422439575195
-1.1325663328170776	-0.7729378938674927
-0.4732968509197235	0.7252799868583679
0.7545812726020813	0.4541744291782379
1.6110507249832153	-1.0579988956451416
-0.6595954895019531	0.1471429318189621
-1.1280425786972046	-0.7800787091255188
-0.8200312256813049	-0.018206816166639328
-1.213621735572815	-0.8607355356216431
0.06543958932161331	1.4885236024856567
1.3352367877960205	-0.7096341848373413
0.04071082919836044	1.69171941280365
-0.2907586991786957	0.9114302396774292
-0.6317634582519531	0.2828076183795929
-0.11441223323345184	1.1080889701843262
1.271571397781372	-0.7854610681533813
-1.0796422958374023	-0.5040227174758911
1.6129347085952759	-1.1560767889022827
0.7685419321060181	0.7324625253677368
-1.031659722328186	-0.9282787442207336
0.6492900252342224	0.8345116972923279
-1.0327106714248657	-0.4527615010738373
-0.9453015923500061	-0.5327354669570923
-0.8792102336883545	-0.26462745666503906
1.6492319107055664	-1.139548659324646
1.4006993770599365	-0.9251382946968079
0.8741846680641174	0.5795605778694153
-1.1092699766159058	-0.7974487543106079
-1.0849645137786865	-0.614294707775116
-0.2415057122707367	1.1620510816574097
-0.6211417317390442	0.17373931407928467
-1.0149202346801758	-0.3195236623287201
0.04134640470147133	1.5894380807876587
1.0482755899429321	0.054055966436862946
1.3797982931137085	-0.9398548603057861
-0.014088033698499203	1.4249241352081299
0.6155112981796265	0.8179295659065247
1.0813218355178833	-0.0632033571600914
0.6611612439155579	0.6572033166885376
-0.6853084564208984	0.10370069742202759
-0.899246335029602	-0.28476059436798096
1.6213527917861938	-1.2001885175704956
-0.7177602648735046	0.17072170972824097
1.522508978843689	-0.9422610402107239
-1.0903019905090332	-0.6750831007957458
-1.0757343769073486	-0.569573700428009
1.6284918785095215	-1.5497336387634277
0.5815272927284241	0.6750162243843079
-0.4129909574985504	0.9403374791145325
1.4305921792984009	-1.0105969905853271
-0.38402116298675537	0.9757203459739685
1.428185224533081	-1.05682373046875
1.4172008037567139	-1.0468720197677612
-0.17049072682857513	1.2319482564926147
0.6644390225410461	0.9087758660316467
1.5855268239974976	-1.0483765602111816
-0.6701433062553406	0.09584473818540573
-0.40718701481819153	0.9041181802749634
-0.7295261025428772	-0.10070419311523438
-0.7271653413772583	0.04272713512182236
0.014389654621481895	1.6016604900360107
-1.1735461950302124	-0.8521980047225952
0.6483666300773621	0.5858886241912842
-0.48832884430885315	0.7691943049430847
0.06055016070604324	1.5406074523925781
-0.849226713180542	-0.17552725970745087
-1.0771325826644897	-0.5690475106239319
0.011521964333951473	1.220263123512268
-0.8425195813179016	-0.16171026229858398
-0.9795339703559875	-0.42820000648498535
1.3874380588531494	-0.841687798500061
-0.8425195813179016	-0.16171026229858398
1.0581687688827515	0.07537088543176651
-0.14141066372394562	1.3024004697799683
1.589144229888916	-1.1605530977249146
0.6927222013473511	0.8201630711555481
-0.9677010178565979	-0.23406465351581573
-0.21694909036159515	0.9070706367492676
0.8036291003227234	0.7008619904518127
-1.1770280599594116	-0.903083860874176
-0.568757176399231	0.4092976450920105
-1.1770280599594116	-0.903083860874176
-1.0368717908859253	-0.39587274193763733
-0.6697587370872498	0.048954736441373825
0.0490390807390213	1.423970103263855
-0.6500716805458069	-0.03559700772166252
-0.3969479501247406	0.9333919286727905
1.4077037572860718	-1.0078400373458862
-0.34702548384666443	0.9254463315010071
-0.6580178141593933	0.4829255938529968
-0.17873598635196686	0.8835716843605042
1.1225398778915405	-0.34797558188438416
-0.7709720134735107	-0.10082652419805527
-0.12326844781637192	1.0442619323730469
0.017678644508123398	1.521653652191162
-1.015655517578125	-0.5573619604110718
-0.7343618273735046	0.14030613005161285
-0.7300087213516235	0.16725106537342072
-0.671000063419342	0.2980187237262726
0.07615754753351212	1.3315975666046143
1.640722393989563	-1.3042478561401367
0.05209551751613617	1.3043241500854492
-1.0969730615615845	-0.6551227569580078
1.351218819618225	-0.9400112628936768
-0.671000063419342	0.2980187237262726
0.07736927270889282	1.6474982500076294
1.697140097618103	-1.4486128091812134
1.666369080543518	-1.4391032457351685
1.5632448196411133	-1.224928855895996
-1.0381571054458618	-0.567297101020813
-0.45495831966400146	0.6865550875663757
-0.8746598958969116	-0.2557700276374817
-0.6866581439971924	0.11676867306232452
0.9709307551383972	-0.24927125871181488
1.0900943279266357	-0.15387164056301117
1.3342244625091553	-0.6977127194404602
-0.06578170508146286	1.378469705581665
-0.0010669887997210026	1.5542030334472656
-0.5626069903373718	0.4024657905101776
0.7043531537055969	0.6094778776168823
-1.1140650510787964	-0.781406819820404
0.843766987323761	0.5324805974960327
0.051328107714653015	1.5292526483535767
0.05260239169001579	1.4619011878967285
-0.6828794479370117	0.2774581015110016
-0.938268780708313	-0.45848020911216736
-1.031782865524292	-0.561236560344696
-0.304839164018631	0.9971170425415039
0.07712884992361069	1.5312179327011108
-1.046776533126831	-0.6681435704231262
0.057777296751737595	1.4886921644210815
-0.3701445162296295	0.8244327902793884
-1.1170154809951782	-0.7377837300300598
-0.845544159412384	-0.029494477435946465
-1.0327106714248657	-0.4527615010738373
1.362465500831604	-0.8348701596260071
-0.225921630859375	1.071818470954895
-0.942410945892334	-0.3693743944168091
-0.6874358057975769	0.1209348738193512
0.634818971157074	0.8932973146438599
-0.8364349603652954	-0.13769689202308655
-0.2643316686153412	0.9311693906784058
-0.30725955963134766	0.9030135869979858
1.4216976165771484	-1.0391613245010376
0.02717474475502968	1.4384185075759888
-1.0897393226623535	-0.9187082648277283
0.06528476625680923	1.53309166431427
-0.6786885857582092	0.43194249272346497
-0.4887416362762451	0.8580365777015686
-0.052122365683317184	1.1746654510498047
0.03644514083862305	1.4738363027572632
-1.056060552597046	-0.5365124344825745
-0.7234547734260559	-0.06863633543252945
-0.6381549835205078	0.30879145860671997
-1.1456117630004883	-0.9273293018341064
0.06527388095855713	1.5086921453475952
1.353859305381775	-0.6887226104736328
0.9039636254310608	0.33043041825294495
0.6244811415672302	0.6895787119865417
1.3888967037200928	-0.8227896690368652
1.5713454484939575	-1.2227286100387573
1.5199936628341675	-0.954729437828064
-1.0647869110107422	-0.6173887848854065
-0.6749566197395325	0.27661368250846863
1.0678790807724	-0.09290924668312073
1.5159945487976074	-0.8837465643882751
-0.7753545641899109	-0.13797888159751892
-1.1130800247192383	-0.8545787334442139
0.0492665097117424	1.3550708293914795
0.013404477387666702	1.570548176765442
0.04067236930131912	1.6489917039871216
-1.1314866542816162	-0.7119941711425781
1.2380598783493042	-0.34579023718833923
-0.9748699069023132	-0.43354907631874084
1.3829301595687866	-0.817086935043335
0.8960158824920654	0.32843446731567383
-0.6754798889160156	0.15195077657699585
-0.44827204942703247	0.7362512946128845
0.07686230540275574	1.392888069152832
0.909284770488739	0.12391041964292526
0.709815263748169	0.587056040763855
-0.6960546970367432	0.22645319998264313
-0.703961193561554	0.2748727798461914
-0.6828793287277222	0.2774583697319031
