0.23766060173511505	-0.2542259097099304
0.14092916250228882	-0.1987973302602768
-0.2882517874240875	-0.141978457570076
1.3822304010391235	-1.1477248668670654
-0.4328896403312683	0.9616098403930664
1.121764063835144	-1.0971273183822632
1.0350711345672607	-0.9965274930000305
0.7167260050773621	-0.8345913290977478
1.200477123260498	-1.103105902671814
0.35714128613471985	-0.3625970780849457
0.8616130948066711	-0.9566069841384888
1.1103594303131104	-1.0325310230255127
0.6588551998138428	-0.7294763326644897
-0.47976312041282654	0.8475430607795715
-1.3056128025054932	1.5405112504959106
-0.4460006356239319	0.8174446821212769
-0.973588764667511	1.319771409034729
-0.39078637957572937	0.7850242257118225
0.11388404667377472	-0.22178612649440765
-1.0352791547775269	1.4376939535140991
0.8900507092475891	-0.8366357684135437
1.0346673727035522	-0.906385064125061
0.9558077454566956	-1.0059386491775513
1.408308506011963	-1.2974765300750732
1.2505697011947632	-1.217231035232544
-1.3390744924545288	1.7071647644042969
0.4831792712211609	-0.615828275680542
-1.093016266822815	1.35635244846344
-1.092530369758606	1.3248549699783325
0.8421751260757446	-0.9227217435836792
-1.0598276853561401	1.284749984741211
0.9777485728263855	-0.8202877044677734
-0.6484965085983276	0.887771725654602
-1.2996151447296143	1.298059105873108
0.8344764709472656	-0.9138686656951904
0.14826005697250366	-0.13206011056900024
-0.7564730048179626	0.9871182441711426
-0.46065542101860046	0.8457959890365601
1.2157937288284302	-1.1345083713531494
0.13380885124206543	-0.303265243768692
0.8421751260757446	-0.9227217435836792
-0.7009096145629883	0.956160306930542
-1.351739525794983	1.7609304189682007
-1.4199367761611938	1.964191198348999
1.2298895120620728	-1.1914888620376587
0.09225109964609146	-0.23627923429012299
0.5252686738967896	-0.6021313071250916
0.5995303988456726	-0.6648005843162537
0.6714916825294495	-0.7192485332489014
-1.3571006059646606	1.5160326957702637
0.43204742670059204	-0.5672115683555603
-1.3738404512405396	1.9866572618484497
0.7258085608482361	-0.8462159037590027
0.44897550344467163	-0.526816189289093
0.35015663504600525	-0.4866919219493866
1.256702184677124	-1.1817408800125122
0.34504804015159607	-0.405155211687088
0.7051123976707458	-0.8231350779533386
-1.2603029012680054	1.4347503185272217
0.4089112877845764	-0.4360758066177368
-0.9046377539634705	1.4197947978973389
-0.3868029713630676	0.5185741186141968
-1.3334574699401855	1.6345542669296265
-0.41560614109039307	0.7535935640335083
0.626240611076355	-0.6882421970367432
0.5683326721191406	-0.7685712575912476
0.9866853356361389	-0.9060279130935669
0.15811260044574738	-0.2600851356983185
-1.317301869392395	1.59852135181427
0.6946283578872681	-0.7959892153739929
0.8622554540634155	-0.8753144145011902
-1.1473205089569092	1.586182713508606
-0.25508493185043335	-0.17417170107364655
-1.311985969543457	1.6061592102050781
-1.4199367761611938	1.964191198348999
0.9192190170288086	-0.8223018050193787
0.734671950340271	-0.8410109877586365
-0.861029863357544	1.0752149820327759
0.6116243004798889	-0.7218972444534302
-0.4093270003795624	0.5655088424682617
-1.3732670545578003	1.9590086936950684
1.2948424816131592	-1.2359158992767334
1.140109658241272	-1.1124745607376099
-0.759223461151123	1.1907787322998047
-0.4741894602775574	0.7692347764968872
-0.973588764667511	1.319771409034729
-1.343371033668518	1.4997813701629639
0.5772213935852051	-0.7109836339950562
-0.2824961245059967	-0.07797061651945114
-1.330068826675415	1.440652847290039
-1.363445520401001	1.7257007360458374
1.2505697011947632	-1.217231035232544
-0.33704566955566406	-0.0298988725990057
0.6714916825294495	-0.7192485332489014
0.9736139178276062	-0.9751085042953491
0.7243333458900452	-0.7734008431434631
-1.3476356267929077	1.839329719543457
0.18545499444007874	-0.39848455786705017
-1.3209809064865112	1.5410929918289185
0.6950415372848511	-0.8910792469978333
-0.8092638254165649	0.9605315327644348
-1.0746089220046997	1.2169626951217651
-0.2841149866580963	-0.022569255903363228
0.6325494050979614	-0.7239518165588379
-1.3323274850845337	1.8074365854263306
0.7243932485580444	-0.7733525037765503
0.0948534905910492	-0.16467349231243134
0.7380056977272034	-0.8015931844711304
-1.357334017753601	1.5405526161193848
-1.3366626501083374	1.6979159116744995
0.2073669284582138	-0.5130466818809509
-1.3575201034545898	1.7188318967819214
-0.42819663882255554	0.8933001160621643
0.7207413911819458	-0.9561347961425781
-1.3218013048171997	1.7554672956466675
-0.25999534130096436	-0.1240776851773262
0.8065744638442993	-0.8592841625213623
0.6703004240989685	-0.8845804929733276
-1.310593605041504	1.4991066455841064
0.9248060584068298	-0.863384485244751
-0.3698486387729645	0.4690702557563782
0.6189028024673462	-0.7811611890792847
-1.3084795475006104	1.741949200630188
0.8622551560401917	-0.8753142952919006
0.13425514101982117	-0.1936800479888916
-0.3117670714855194	0.07989794760942459
0.18153542280197144	-0.23498544096946716
-0.5041055083274841	0.9168000221252441
-0.28808027505874634	-0.13634665310382843
0.3370128571987152	-0.5682964324951172
-1.0871068239212036	1.4181630611419678
0.8266704678535461	-0.8125614523887634
-0.3171056807041168	-0.0616723895072937
1.1662346124649048	-1.2506892681121826
-0.26280155777931213	-0.11200861632823944
0.8266704678535461	-0.812561571598053
-0.6995894312858582	0.8836522102355957
-0.6639833450317383	1.0256215333938599
-1.346793293952942	1.8363522291183472
-1.0803929567337036	1.3288971185684204
-1.071626901626587	1.31539785861969
-1.067529559135437	1.4902194738388062
1.256702184677124	-1.1817408800125122
-1.4199367761611938	1.964191198348999
-1.4017157554626465	1.9746201038360596
-0.3891197144985199	0.6676115393638611
-1.3170888423919678	1.76625394821167
0.17309711873531342	-0.2374783754348755
0.7455358505249023	-0.7598422765731812
0.9141678214073181	-0.965001106262207
-0.415900319814682	0.5597118139266968
1.1390808820724487	-1.1751713752746582
-1.1608726978302002	1.7542495727539062
-0.4110216498374939	0.672489583492279
0.8278777599334717	-0.918602466583252
-1.34954035282135	1.681538462638855
0.8278777599334717	-0.918602466583252
-1.3757683038711548	1.7674260139465332
-1.0715603828430176	1.478424310684204
-0.4798222482204437	1.1542600393295288
-1.283107876777649	1.2254610061645508
-0.2777409553527832	-0.12250696867704391
-1.0845096111297607	1.3678324222564697
-1.0052324533462524	1.455167293548584
-0.8626339435577393	1.2368487119674683
-1.1093043088912964	1.500185489654541
-0.8339002132415771	1.4390884637832642
-0.4463716447353363	0.7438793182373047
0.637470006942749	-0.7538860440254211
-1.348763346672058	1.7185382843017578
1.361690878868103	-1.2350839376449585
-1.373733639717102	1.5872608423233032
1.442525029182434	-1.0592604875564575
-1.3342450857162476	1.5361926555633545
0.7543811202049255	-0.8299118280410767
0.08887317776679993	-0.2118651121854782
-0.41350090503692627	0.7147193551063538
-0.8026244640350342	1.269910216331482
-0.8370822668075562	1.0407767295837402
0.9177308082580566	-0.9347724318504333
1.263558268547058	-1.1460739374160767
1.059394121170044	-1.0872796773910522
0.12448306381702423	-0.3231436312198639
0.15017449855804443	-0.30188530683517456
0.5343176126480103	-0.6304711103439331
0.8421751260757446	-0.9227217435836792
1.2276674509048462	-1.1514415740966797
0.8873384594917297	-0.8083405494689941
0.5439496636390686	-0.6146596670150757
0.35714128613471985	-0.3625970780849457
0.7444809079170227	-0.9075086116790771
0.7598936557769775	-0.8457921743392944
-0.6707974672317505	1.0042439699172974
0.5944893956184387	-0.6949676871299744
1.274425745010376	-1.0821211338043213
-0.2754860818386078	0.01375674083828926
-1.1047228574752808	1.2440284490585327
1.0487147569656372	-1.0437495708465576
0.5967055559158325	-0.722909152507782
-1.2918365001678467	1.4006152153015137
-1.3474478721618652	1.7875871658325195
0.7246032357215881	-0.8397946357727051
-1.338205099105835	1.7677488327026367
-0.59588623046875	1.2865409851074219
1.121764063835144	-1.0971273183822632
1.2172218561172485	-1.148507833480835
-1.0762782096862793	1.2622523307800293
1.2172218561172485	-1.1485079526901245
-1.1216800212860107	1.2826333045959473
0.6186513900756836	-0.763139545917511
-1.34773850440979	1.5261001586914062
-0.23863407969474792	-0.15258769690990448
-0.8629437685012817	1.4729949235916138
-0.38371360301971436	0.6404968500137329
-0.9870764017105103	1.1651437282562256
1.2024348974227905	-1.1718178987503052
-0.42114901542663574	0.731208086013794
-0.48075538873672485	1.0385445356369019
-0.7401342391967773	1.2920780181884766
-1.3103108406066895	1.5698498487472534
0.6414797306060791	-0.6937415599822998
0.6762472987174988	-0.7785414457321167
-0.861029863357544	1.0752149820327759
-1.3119860887527466	1.6061590909957886
0.7735745310783386	-0.8680322170257568
0.4644932746887207	-0.6579592823982239
-1.3466280698776245	1.729865312576294
-0.4164772927761078	0.5696790814399719
0.2603723704814911	-0.4145335853099823
0.46696344017982483	-0.6859362125396729
-1.2878769636154175	1.6319200992584229
0.22403667867183685	-0.2701312005519867
0.9939478635787964	-1.0125735998153687
0.1523112952709198	-0.27938175201416016
0.6943066120147705	-0.8796714544296265
-0.3911701440811157	0.517875075340271
-1.3610910177230835	1.9428530931472778
-1.3732670545578003	1.9590086936950684
-0.397752046585083	0.6529443264007568
0.8644415736198425	-0.8459727764129639
0.7122684121131897	-0.8057253956794739
-0.8694113492965698	1.2207908630371094
-1.3604357242584229	1.318288803100586
0.6714916825294495	-0.7192485332489014
-1.4043047428131104	1.8972495794296265
0.8120347261428833	-0.8694490790367126
0.3000621497631073	-0.4399259090423584
0.8059217929840088	-0.9270543456077576
0.35264280438423157	-0.4696509540081024
0.8421751260757446	-0.9227217435836792
-1.2771841287612915	1.4694883823394775
0.653489351272583	-0.8137021064758301
1.28816819190979	-1.2196766138076782
-1.3515359163284302	1.5993258953094482
-0.284465491771698	-0.2426154762506485
0.812614917755127	-0.8784164190292358
-0.3737698495388031	-0.10103949904441833
-1.382535696029663	1.6626592874526978
-0.5827929973602295	0.982196033000946
-1.3041596412658691	1.5420011281967163
-0.4621829688549042	0.8513264060020447
0.6009746789932251	-0.7035341262817383
-1.357334017753601	1.5405526161193848
0.8537900447845459	-0.8828011751174927
0.8298856019973755	-0.8724948167800903
-1.3318530321121216	1.6118968725204468
0.5400883555412292	-0.6406264305114746
-1.3446556329727173	1.6876291036605835
0.7897677421569824	-0.8610579371452332
-0.46898770332336426	1.0198068618774414
0.9674535989761353	-0.9507560133934021
0.8226718902587891	-0.8437889814376831
-1.3182661533355713	1.4921773672103882
1.1483734846115112	-1.1028791666030884
-1.1125694513320923	1.3324224948883057
-0.4702226221561432	1.0877773761749268
0.9674535989761353	-0.9507560133934021
-0.36605697870254517	0.45294544100761414
1.091475248336792	-1.087027907371521
0.15561729669570923	-0.26630914211273193
1.2215701341629028	-1.1930147409439087
0.14712460339069366	-0.2373366802930832
-0.2628016173839569	-0.11200861632823944
-0.8155730366706848	1.2037616968154907
-1.0921640396118164	1.3771828413009644
-0.7565288543701172	0.9872698187828064
1.2026841640472412	-1.2330517768859863
0.674511194229126	-0.8071486949920654
0.0957762748003006	-0.30139872431755066
-1.3925955295562744	1.9610395431518555
-0.7608132362365723	0.9907459616661072
0.7124521136283875	-0.8187465667724609
0.6961565017700195	-0.7851527333259583
0.6610154509544373	-0.9578370451927185
-0.4118386507034302	0.6253084540367126
-1.1002390384674072	1.2076053619384766
0.12379727512598038	-0.21518313884735107
-0.32725319266319275	0.011723993346095085
0.7432477474212646	-0.8544011116027832
-1.310539722442627	1.3684748411178589
-1.0599713325500488	1.262959599494934
0.8622551560401917	-0.8753142952919006
-0.41675442457199097	0.8463481664657593
-0.46569180488586426	1.0855849981307983
0.382549524307251	-0.44196686148643494
1.004060983657837	-1.0353537797927856
-0.6995126008987427	1.176248550415039
-0.40460240840911865	0.869598388671875
0.6797814965248108	-0.7532828450202942
0.6728026866912842	-0.819860577583313
-1.0742329359054565	1.3265565633773804
-0.24740128219127655	-0.05315616354346275
0.637470006942749	-0.7538860440254211
-0.24775613844394684	-0.04455184563994408
-0.49610915780067444	1.097809076309204
0.6956020593643188	-0.7817040085792542
-0.42699453234672546	1.066075086593628
-1.362592101097107	1.4561901092529297
0.9859416484832764	-1.024186134338379
0.18866650760173798	-0.19898933172225952
1.1336301565170288	-1.070763111114502
-1.3563308715820312	1.6411751508712769
-1.331757664680481	1.4422789812088013
0.9170838594436646	-0.9645736813545227
-1.082700252532959	1.1297216415405273
0.10094170272350311	-0.1513509750366211
-1.338151454925537	1.583305835723877
0.5858390927314758	-0.6663557887077332
-1.2804458141326904	1.6724189519882202
1.2505697011947632	-1.217231035232544
-1.349039912223816	1.5712559223175049
-0.3758884370326996	0.43927887082099915
0.6342421770095825	-0.7721825242042542
0.1435546576976776	-0.2688547372817993
0.8129041194915771	-0.8866813778877258
1.3178789615631104	-1.1829912662506104
-1.1623057126998901	1.7497118711471558
-0.9420258402824402	1.473631501197815
-1.3233500719070435	1.675461769104004
-1.3149118423461914	1.5013995170593262
0.5522308349609375	-0.6926204562187195
0.1470484733581543	-0.2362680435180664
0.605451762676239	-0.785568356513977
-1.3446733951568604	1.5596632957458496
0.08922700583934784	-0.20022748410701752
-1.1737754344940186	1.757794737815857
-1.3212863206863403	1.5108451843261719
-0.361071914434433	0.5368101000785828
-0.39641907811164856	0.6331024765968323
-1.1084420680999756	1.4431474208831787
-1.3457292318344116	1.4680430889129639
-1.3182693719863892	1.4931243658065796
-0.7017903923988342	1.151296615600586
-0.5085593461990356	0.7977747321128845
0.7257952690124512	-0.8253856301307678
-0.7774071097373962	0.9878193140029907
-1.0722228288650513	1.167094111442566
-1.348157525062561	1.6188076734542847
0.09616661071777344	-0.19175048172473907
-0.42524465918540955	0.7892708778381348
0.6250192523002625	-0.709675133228302
0.583456814289093	-0.6464163064956665
-0.3759622275829315	0.6106313467025757
0.26496052742004395	-0.30028748512268066
-0.41060778498649597	0.7318898439407349
1.1649878025054932	-0.9520021677017212
0.13257762789726257	-0.26346927881240845
-1.3621799945831299	1.7235339879989624
-0.46569180488586426	1.0855849981307983
0.14585299789905548	-0.26877549290657043
-0.38951820135116577	0.5569732785224915
0.760299801826477	-0.8728594183921814
-0.7707501649856567	1.1688215732574463
0.13499124348163605	-0.3154327869415283
-0.39508530497550964	0.5412867069244385
-0.4797630310058594	0.8475430607795715
-1.2996158599853516	1.4699852466583252
-0.2745392620563507	-0.0373530350625515
0.13231991231441498	-0.22179311513900757
-0.44009527564048767	0.9635717272758484
-1.301557183265686	1.4060429334640503
1.035070776939392	-0.9965274333953857
-0.8115097284317017	1.36080002784729
1.2505697011947632	-1.2172311544418335
1.0291436910629272	-0.9842844009399414
1.1190903186798096	-1.1200261116027832
0.09225109964609146	-0.23627923429012299
-1.0924696922302246	1.400071382522583
-0.7251364588737488	0.9016385078430176
-1.073712706565857	1.241131067276001
1.4348076581954956	-1.1535388231277466
1.0487147569656372	-1.0437496900558472
-1.112155556678772	1.2278841733932495
-0.24526765942573547	-0.10955767333507538
0.6755357980728149	-0.7681141495704651
-0.8133201599121094	1.18116295337677
-0.8106353878974915	0.9661318063735962
-0.39641907811164856	0.6331024765968323
-0.8118220567703247	0.8665900230407715
1.159920334815979	-1.1655292510986328
0.6398227214813232	-0.7421094179153442
0.16654101014137268	-0.31733882427215576
-0.7313047647476196	0.9626591801643372
1.198974609375	-1.0237363576889038
0.7418572306632996	-0.9015074968338013
0.5533573031425476	-0.6731410622596741
-0.38894975185394287	0.7835321426391602
0.7197769284248352	-0.7930380702018738
0.1549040824174881	-0.3284103274345398
1.157665729522705	-1.094184398651123
-0.8271205425262451	0.8211191892623901
-0.36710336804389954	0.5741909742355347
0.477925568819046	-0.5212662220001221
-1.3395586013793945	1.4108513593673706
-1.0950464010238647	1.4613471031188965
0.17814037203788757	-0.29086557030677795
-1.3712804317474365	1.390872597694397
-1.133110761642456	1.5747883319854736
-0.3759622275829315	0.6106313467025757
0.5873166918754578	-0.6715948581695557
-1.3150086402893066	1.602729082107544
0.7976967096328735	-0.7658628821372986
0.5859881043434143	-0.6890230178833008
0.653489351272583	-0.8137021660804749
0.8746972680091858	-0.8993532657623291
1.2065730094909668	-1.102131724357605
-1.3086955547332764	1.6392099857330322
1.511317253112793	-1.2379158735275269
0.7152055501937866	-0.8635095953941345
-0.37594664096832275	0.4706754684448242
1.214477300643921	-1.135288953781128
-0.348438560962677	-0.09424183517694473
-1.1384353637695312	1.4912142753601074
1.1412559747695923	-1.1194195747375488
-0.8549162149429321	1.2818034887313843
-1.31090247631073	1.5934487581253052
-1.1093043088912964	1.500185489654541
0.8071368932723999	-0.9153964519500732
-1.373840570449829	1.9866572618484497
1.1649878025054932	-0.952002227306366
-0.3733828663825989	0.5724061131477356
-1.3519774675369263	1.9157440662384033
-1.3551714420318604	1.8553354740142822
0.7738754153251648	-0.881629228591919
0.9596584439277649	-0.9213878512382507
0.6853173971176147	-0.7769440412521362
0.9320471882820129	-0.9214152097702026
0.8569585680961609	-0.9153911471366882
-1.1018251180648804	1.325443983078003
-0.8537096381187439	0.9160298109054565
0.2614612281322479	-0.2593839466571808
-1.3135225772857666	1.5415661334991455
-1.3392621278762817	1.8374487161636353
0.1310303658246994	-0.25851503014564514
1.0291434526443481	-0.9842842817306519
-0.8027271628379822	1.0153084993362427
1.3436232805252075	-1.2548367977142334
0.1730583757162094	-0.2479315549135208
1.2505697011947632	-1.217231035232544
1.097585678100586	-1.0376052856445312
-0.3674653172492981	-0.13241136074066162
-1.3518893718719482	1.6692968606948853
0.13057655096054077	-0.3385176956653595
0.9411007165908813	-0.9135948419570923
-1.3690415620803833	1.5960336923599243
0.13417752087116241	-0.26065146923065186
0.7171979546546936	-0.7006572484970093
-0.8088308572769165	1.0414297580718994
-1.2673418521881104	1.3901863098144531
0.7602247595787048	-0.8098228573799133
-1.2998381853103638	1.6679348945617676
1.1089551448822021	-1.098047137260437
-0.4301123023033142	0.7260636687278748
0.85695880651474	-0.9153913259506226
-0.2832094132900238	-0.06494482606649399
0.9727843403816223	-0.9737272262573242
-0.4491816759109497	0.6905964612960815
-0.3824000656604767	0.5297871828079224
1.1530147790908813	-1.141228437423706
1.4846937656402588	-1.2180969715118408
0.7994059920310974	-0.8004136681556702
-1.3150086402893066	1.602729082107544
0.13791333138942719	-0.4433169364929199
-1.353480339050293	1.6099175214767456
0.7835296392440796	-0.873171329498291
-1.3847655057907104	1.6314412355422974
-1.0162311792373657	1.171869158744812
0.914168119430542	-0.9650010466575623
0.18102425336837769	-0.32805731892585754
0.929654598236084	-0.9159082770347595
-0.43426573276519775	0.6630833745002747
0.7436209321022034	-0.8961864113807678
0.6146707534790039	-0.6246254444122314
-1.3401726484298706	1.7048537731170654
-0.7350323796272278	1.1695715188980103
0.6628414988517761	-0.7813509106636047
0.38128429651260376	-0.49458932876586914
0.5998174548149109	-0.7189069986343384
0.09225109964609146	-0.23627923429012299
-0.7526558637619019	0.8744587898254395
1.090803623199463	-0.988450825214386
1.3689073324203491	-1.1349986791610718
-0.3443653881549835	0.014961933717131615
1.1662346124649048	-1.2506892681121826
0.2635915279388428	-0.38489899039268494
0.1716960221529007	-0.2811582088470459
0.1325596123933792	-0.24516797065734863
-1.3637607097625732	1.9680538177490234
-1.3007756471633911	1.5544029474258423
-0.6889677047729492	1.1547572612762451
0.15025590360164642	-0.163282573223114
-1.3497563600540161	1.788772463798523
-1.3714724779129028	1.8713748455047607
0.8209279179573059	-0.8963838219642639
-1.0355380773544312	1.621281385421753
-1.311985969543457	1.6061592102050781
0.3550509512424469	-0.37164485454559326
-1.314056634902954	1.4969847202301025
-1.376363754272461	1.9573112726211548
-1.1590452194213867	1.5615655183792114
-0.3755107820034027	0.7063526511192322
-1.3903573751449585	1.6576921939849854
-0.4336354434490204	-0.08473121374845505
0.1279253363609314	-0.27547982335090637
-1.1518763303756714	1.7675656080245972
0.2902348041534424	-0.3099130094051361
0.12448306381702423	-0.3231436312198639
0.516129732131958	-0.6888648867607117
0.46402713656425476	-0.5815964341163635
0.45042577385902405	-0.5608637928962708
-0.4014551341533661	0.6081398725509644
-1.094140648841858	1.295235276222229
1.2172218561172485	-1.148507833480835
-1.3690553903579712	1.4510784149169922
0.07319393008947372	-0.17389273643493652
1.0892690420150757	-1.0155740976333618
-0.3945886194705963	0.6564015746116638
-1.1443108320236206	1.6678581237792969
0.6507764458656311	-0.7688800692558289
0.42182019352912903	-0.4602523446083069
0.7439413070678711	-0.8287390470504761
-0.8000057935714722	0.8054539561271667
-1.3563308715820312	1.6411751508712769
0.583456814289093	-0.6464162468910217
1.2618120908737183	-1.1484508514404297
-0.978585958480835	1.2630109786987305
1.2386982440948486	-1.0817476511001587
0.5430550575256348	-0.6694485545158386
-0.38547518849372864	0.7577508091926575
0.9177308082580566	-0.9347724318504333
-0.8106353282928467	0.9661318063735962
0.5557542443275452	-0.6764687299728394
-1.1226786375045776	1.3728044033050537
0.8173148036003113	-0.8603304028511047
-1.3174502849578857	1.453995943069458
-1.342482328414917	1.619152545928955
0.2930240035057068	-0.45657023787498474
-0.30995360016822815	0.03343921899795532
0.09278875589370728	-0.2746322453022003
1.2529408931732178	-1.2136932611465454
0.6716374754905701	-0.7993385791778564
0.5499655604362488	-0.7161428332328796
-1.1075295209884644	1.3580286502838135
0.8803211450576782	-0.9121643900871277
-0.7458191514015198	1.106632113456726
0.24089080095291138	-0.24788782000541687
0.5118969082832336	-0.5747570991516113
-0.8106353282928467	0.9661318063735962
-0.7877691388130188	1.250754475593567
0.7173664569854736	-0.7000075578689575
-0.3674768805503845	-0.03855524957180023
-0.3963087201118469	0.4915756583213806
1.242627739906311	-1.1299397945404053
0.8424625992774963	-0.8348654508590698
-1.075415015220642	1.3091375827789307
0.34718605875968933	-0.45735570788383484
-1.3502962589263916	1.8870314359664917
1.1336301565170288	-1.070763111114502
0.8421751260757446	-0.9227217435836792
0.11388404667377472	-0.22178612649440765
-1.3565019369125366	1.7160440683364868
0.7174756526947021	-0.8691808581352234
0.8480073809623718	-0.8281105160713196
-0.4134097397327423	0.5778827667236328
0.21087828278541565	-0.21363696455955505
0.8644415736198425	-0.8459727764129639
-0.7350901961326599	1.0148509740829468
-0.882491409778595	1.1756017208099365
0.9736139178276062	-0.9751086235046387
1.3657715320587158	-1.1560289859771729
-0.2940802574157715	-0.1513843536376953
-1.3914806842803955	2.0538949966430664
0.5977539420127869	-0.6591578125953674
-0.3130183517932892	-0.07143384963274002
0.4286814033985138	-0.6506544351577759
1.410387635231018	-1.1722196340560913
1.2505697011947632	-1.217231035232544
0.7589108943939209	-0.7824134230613708
-1.32002854347229	1.6612200736999512
-1.1925759315490723	1.7804726362228394
-0.2582066059112549	-0.1356019675731659
-0.27950090169906616	-0.16764900088310242
-0.8370822668075562	1.0407767295837402
0.8330976963043213	-0.7788277864456177
-0.5547165274620056	1.211118459701538
-1.1105471849441528	1.2701952457427979
0.7231846451759338	-0.8329055905342102
1.1552385091781616	-1.1181116104125977
0.508148193359375	-0.5785917639732361
-1.3738404512405396	1.9866572618484497
0.8652031421661377	-0.8680334687232971
0.8803211450576782	-0.9121643900871277
-1.3455380201339722	1.5501567125320435
-0.23863407969474792	-0.15258769690990448
-0.8106353282928467	0.9661318063735962
-1.0159502029418945	1.5009124279022217
-1.3395156860351562	1.7590218782424927
-0.7248520851135254	1.3081380128860474
-0.4112241268157959	0.7716718316078186
0.13279470801353455	-0.28568923473358154
0.9176841974258423	-0.9126277565956116
-1.1190043687820435	1.4501264095306396
-1.0601744651794434	1.0418720245361328
0.7022831439971924	-0.7645015716552734
1.2576425075531006	-1.148199439048767
-0.3670300245285034	0.3850524127483368
-0.3977927267551422	0.573291540145874
0.21083547174930573	-0.25042858719825745
-0.3142715096473694	-0.09944958984851837
0.7272735834121704	-0.8667811155319214
-0.7318198084831238	1.230255365371704
0.6718503832817078	-0.7603654861450195
0.28188806772232056	-0.40805965662002563
-1.3327982425689697	1.5150880813598633
-0.3514484167098999	0.32417985796928406
0.3795405924320221	-0.6080478429794312
-1.3687719106674194	1.9221049547195435
1.2162445783615112	-1.1406474113464355
-0.8764464259147644	1.009943962097168
-0.3954862058162689	0.6213164925575256
0.7805253267288208	-0.8431490063667297
-0.42896005511283875	0.7631114721298218
0.6534035205841064	-0.7592740654945374
0.12473516166210175	-0.2894068658351898
0.20869481563568115	-0.19146545231342316
1.2598801851272583	-1.1840194463729858
-1.3316208124160767	1.754857063293457
-1.3410136699676514	1.5763497352600098
0.564425528049469	-0.7159485816955566
-1.3712804317474365	1.390872597694397
1.1776149272918701	-1.200688362121582
-1.0656534433364868	1.3724271059036255
-0.49701786041259766	0.669297456741333
-1.3563308715820312	1.6411751508712769
0.21245534718036652	-0.23176752030849457
-0.26913732290267944	-0.010531298816204071
-1.371512770652771	1.656506061553955
-0.2592819333076477	-0.09699484705924988
-0.4151749908924103	0.6114821434020996
-1.341010570526123	1.6565966606140137
-1.29878568649292	1.5317981243133545
-1.3037461042404175	1.4838972091674805
-1.3913003206253052	2.019212484359741
-0.46817174553871155	0.9667410850524902
-1.3185274600982666	1.487615704536438
1.3097248077392578	-1.2047175168991089
-1.3624536991119385	1.641114354133606
-1.0220987796783447	1.2732106447219849
-1.3399754762649536	1.4699289798736572
1.1711769104003906	-1.0645151138305664
-1.305753469467163	1.6142350435256958
-1.3150086402893066	1.6027288436889648
-0.6630455255508423	1.3977041244506836
-0.8106353878974915	0.9661318063735962
0.9489784836769104	-0.9528155326843262
-0.27040910720825195	-0.1285986453294754
1.1429777145385742	-1.0784306526184082
-0.39548617601394653	0.6213164925575256
0.17309711873531342	-0.23747827112674713
0.7346302270889282	-0.8393028378486633
0.8278891444206238	-0.884099543094635
-1.0547940731048584	1.2489006519317627
-1.3081663846969604	1.5554941892623901
0.1627378761768341	-0.30801159143447876
-0.47976312041282654	0.8475430607795715
0.6241506338119507	-0.5694864988327026
0.5113500356674194	-0.6374261379241943
0.38128429651260376	-0.49458932876586914
-0.7966104745864868	0.8268094062805176
-1.2571159601211548	1.494645595550537
-0.3977602422237396	0.6205665469169617
-0.28536200523376465	-0.09440519660711288
-0.2776908278465271	-0.03872240334749222
1.2710742950439453	-1.0892091989517212
1.2505697011947632	-1.2172311544418335
-0.5447101593017578	0.8874160647392273
-1.1146767139434814	1.4249075651168823
0.15888528525829315	-0.4137636423110962
0.13793623447418213	-0.22519297897815704
-0.4134331941604614	0.5850362777709961
0.779059886932373	-0.9278593063354492
0.8368015289306641	-0.9052969217300415
1.1841925382614136	-1.1374586820602417
0.6732863187789917	-0.8378438353538513
-1.3789730072021484	1.8610987663269043
-0.7073029279708862	1.2156801223754883
-0.3887195289134979	0.5115766525268555
-1.0896711349487305	1.509260654449463
0.8733477592468262	-0.8937007188796997
0.6020424365997314	-0.6684063076972961
1.121764063835144	-1.0971274375915527
0.14773119986057281	-0.1722627729177475
-0.7785236239433289	0.8372218608856201
1.2220784425735474	-1.2079263925552368
0.8166526556015015	-0.9025813341140747
-1.0857892036437988	1.1525819301605225
-0.3758552074432373	0.5798571705818176
0.09225109964609146	-0.23627923429012299
-1.3531198501586914	1.7765085697174072
0.8401231169700623	-0.8387176990509033
0.9177687168121338	-0.9526668787002563
0.12330865859985352	-0.28937792778015137
-1.1057838201522827	1.2038384675979614
-1.3875986337661743	1.9623891115188599
-1.145401120185852	1.689399003982544
-1.3590002059936523	1.6203117370605469
-1.0591005086898804	1.289293885231018
-0.4014550745487213	0.6081400513648987
0.2513523995876312	-0.29166099429130554
-0.7085267901420593	0.7869284152984619
-0.4473726451396942	0.8039801716804504
-0.4078797698020935	0.8826918005943298
-1.307936668395996	1.53281831741333
-0.7202258706092834	1.2295230627059937
-0.4132847189903259	0.7324007153511047
-0.41862767934799194	0.8171917200088501
-1.0352791547775269	1.4376939535140991
-1.373733639717102	1.5872608423233032
0.13763834536075592	-0.3019072711467743
-1.088948130607605	1.2903465032577515
0.8151596188545227	-0.8766770958900452
-1.305709719657898	1.472358226776123
-1.3119860887527466	1.6061590909957886
0.27732375264167786	-0.36244913935661316
-1.1095197200775146	1.27886962890625
0.7660169005393982	-0.873408854007721
1.4343589544296265	-1.1658942699432373
0.39309632778167725	-0.4843621551990509
-1.3449798822402954	1.6053466796875
0.4635462462902069	-0.554164707660675
0.45648249983787537	-0.7107210159301758
1.0809905529022217	-1.077568769454956
0.686065673828125	-0.7716227173805237
-0.25889015197753906	-0.21701598167419434
0.3521937429904938	-0.41223493218421936
0.4482557773590088	-0.5315539836883545
-0.8830339312553406	1.284267783164978
0.5736679434776306	-0.701467752456665
-0.3896030783653259	0.7874358296394348
-0.5669556260108948	0.9434986710548401
0.45262840390205383	-0.5707389116287231
1.4358326196670532	-1.1921967267990112
0.7164729237556458	-0.7005006074905396
-1.3150086402893066	1.602729082107544
-1.3329482078552246	1.7759463787078857
-1.0542641878128052	1.3041307926177979
1.1934409141540527	-1.1736119985580444
0.12028612196445465	-0.29932892322540283
0.5924025774002075	-0.6662399768829346
-0.38284769654273987	0.623218834400177
1.1363857984542847	-1.151841640472412
-1.3456767797470093	1.5979701280593872
-0.385498046875	0.7860718965530396
0.19653552770614624	-0.17827415466308594
-0.2487325519323349	-0.043656833469867706
-1.309193730354309	1.4954825639724731
-0.8264451026916504	1.1382533311843872
0.12630748748779297	-0.281834214925766
0.6473739743232727	-0.7053958773612976
1.090803623199463	-0.988450825214386
1.0487147569656372	-1.0437495708465576
-1.3399332761764526	1.6603354215621948
1.1209642887115479	-1.0590969324111938
0.8963286280632019	-0.951833963394165
-1.077701210975647	1.4066343307495117
1.0916781425476074	-1.0807805061340332
0.6472173929214478	-0.7219496965408325
0.3263009488582611	-0.5134003162384033
0.5102603435516357	-0.5929740071296692
1.1885639429092407	-1.155315637588501
-1.3249140977859497	1.5205117464065552
-1.3150086402893066	1.6027288436889648
-0.40368691086769104	0.5904611945152283
0.9320471882820129	-0.9214152097702026
-1.1448115110397339	1.7385995388031006
-0.7371995449066162	1.301676630973816
-1.087458848953247	1.2553369998931885
-1.317764163017273	1.7509845495224
0.09225109964609146	-0.23627933859825134
-0.39732125401496887	0.5641946196556091
0.9411004781723022	-0.9135947227478027
0.17761395871639252	-0.10927993804216385
-0.3795388340950012	0.5943275094032288
1.0487147569656372	-1.0437495708465576
0.6837888360023499	-0.8210471272468567
-0.5669906139373779	0.8148819804191589
-1.3500423431396484	1.567214012145996
-1.1268589496612549	1.6793437004089355
-1.01240873336792	1.1661025285720825
0.5100143551826477	-0.6810197830200195
-0.2472427934408188	-0.18928618729114532
0.7243932485580444	-0.7733525037765503
-0.2911531329154968	-0.11055690050125122
0.09600371867418289	-0.01961972750723362
-1.3361501693725586	1.5225032567977905
-1.1516354084014893	1.4997493028640747
-1.0868617296218872	1.2956823110580444
-0.4213322699069977	0.5874602198600769
-0.8777783513069153	1.276190996170044
0.7436602115631104	-0.7688578963279724
-1.0704883337020874	1.2941619157791138
0.4821387827396393	-0.6102004051208496
-1.3590893745422363	1.5427978038787842
-1.324257493019104	1.7874146699905396
0.8278777599334717	-0.918602466583252
1.090803623199463	-0.988450825214386
0.8537900447845459	-0.8828011155128479
0.3232145309448242	-0.49563488364219666
1.2172218561172485	-1.148507833480835
-0.3719480335712433	0.9346804022789001
-1.363445520401001	1.7257007360458374
0.09835536777973175	-0.19226303696632385
0.600717306137085	-0.7968569397926331
-1.3910142183303833	2.0242159366607666
-1.338148593902588	1.6535868644714355
-0.8364849090576172	1.2190548181533813
-0.44769546389579773	0.9610791802406311
-1.119420051574707	1.2036679983139038
-0.8435887694358826	1.2185524702072144
1.1567667722702026	-1.0380772352218628
0.0711270272731781	-0.14629580080509186
1.121764063835144	-1.0971273183822632
1.2021675109863281	-1.231949806213379
1.2107398509979248	-1.1348820924758911
-1.4187930822372437	1.9963254928588867
0.3461301028728485	-0.4489166736602783
-1.165451169013977	1.771335482597351
0.8263635635375977	-0.8715148568153381
-0.2889965772628784	-0.07346978038549423
0.10094170272350311	-0.1513509750366211
-0.41755110025405884	0.8606940507888794
-1.1337063312530518	1.413877010345459
-1.287862777709961	1.430941104888916
-1.3327953815460205	1.5522735118865967
-1.3342714309692383	1.7825286388397217
-0.3239718973636627	-0.04128166660666466
-0.24505946040153503	-0.11675248295068741
-1.3690359592437744	1.6505118608474731
-1.0789295434951782	1.2445487976074219
-1.3801496028900146	1.5473231077194214
-0.8248924016952515	0.9075632691383362
-1.3563308715820312	1.6411751508712769
-1.3000060319900513	1.525154709815979
0.6342421770095825	-0.7721825242042542
-0.39629560708999634	0.8257598876953125
0.29426947236061096	-0.4044652581214905
-0.7556818127632141	1.3194046020507812
1.2505697011947632	-1.217231035232544
0.5584789514541626	-0.6981000900268555
0.9118514060974121	-0.8630308508872986
-0.3981979191303253	0.8735211491584778
1.0487147569656372	-1.0437496900558472
0.4418632388114929	-0.5610551834106445
0.7474804520606995	-0.8335825204849243
-0.4246039390563965	0.6764534711837769
-1.1342171430587769	1.3309932947158813
0.12700255215168	-0.2989130914211273
0.12473516166210175	-0.2894068658351898
0.8301806449890137	-0.8509220480918884
0.9747626781463623	-0.9245303869247437
-1.366409420967102	1.7145676612854004
-1.3489488363265991	1.5590072870254517
0.3886430859565735	-0.5808259844779968
0.690593957901001	-0.7591664791107178
0.7742162346839905	-0.8669664859771729
-1.0305321216583252	1.168710708618164
-0.3793385326862335	0.5566821098327637
0.3405492901802063	-0.4744078516960144
1.0394842624664307	-1.09189772605896
-0.8106353878974915	0.9661318063735962
0.8677184581756592	-0.8013094067573547
-0.7962606549263	1.1874979734420776
0.5051803588867188	-0.5628312826156616
0.8344526290893555	-0.8717076182365417
-0.6631081104278564	1.0547153949737549
-1.3912211656570435	1.979440450668335
-0.42896005511283875	0.7631114721298218
0.7590112686157227	-0.893928587436676
0.12347900122404099	-0.12911324203014374
-0.40707287192344666	0.02265019156038761
-0.41854897141456604	0.8376477360725403
-1.3504531383514404	1.6369351148605347
-1.4187930822372437	1.9963254928588867
-0.2296927273273468	-0.04835634306073189
-1.299178123474121	1.646561861038208
0.10049108415842056	-0.2767782211303711
-0.26392969489097595	-0.1873430758714676
-0.6318343877792358	0.9099715948104858
-0.4247562885284424	0.81364905834198
-0.7162644267082214	1.0389076471328735
-1.3192405700683594	1.4887566566467285
-0.7125558853149414	1.1403499841690063
-1.2949496507644653	1.4663333892822266
0.7064741253852844	-0.835421621799469
-1.1195937395095825	1.2704548835754395
0.7014643549919128	-0.8112416863441467
0.539352536201477	-0.8019103407859802
0.812614917755127	-0.8784164190292358
1.056686520576477	-1.023262858390808
-1.0987576246261597	1.5315821170806885
-1.0649654865264893	1.4805073738098145
0.9969727396965027	-0.8658329844474792
0.7869948148727417	-0.8742994666099548
1.0217498540878296	-1.057199478149414
-0.3994666039943695	0.5319343209266663
-1.3194501399993896	1.7061043977737427
-1.306929111480713	1.6130070686340332
-1.3635276556015015	1.6153639554977417
0.5995303988456726	-0.6648007035255432
-0.4170764684677124	0.9928988218307495
0.8278891444206238	-0.884099543094635
0.597699761390686	-0.6543747186660767
0.8733477592468262	-0.8937007188796997
0.12808483839035034	-0.29164692759513855
0.9485089778900146	-0.9677972793579102
1.252408742904663	-1.1575593948364258
-0.38864627480506897	0.4892451763153076
0.7437515258789062	-0.8522388935089111
0.9320471882820129	-0.9214152097702026
-0.9885086417198181	1.155414342880249
-0.39819222688674927	0.7457634210586548
-1.0008693933486938	1.1387046575546265
0.7580161690711975	-0.8263769149780273
-1.136949896812439	1.4493887424468994
-0.21333527565002441	-0.11759831011295319
0.9289997816085815	-0.8057475686073303
0.13499124348163605	-0.3154327869415283
-0.38124436140060425	0.7008103132247925
-0.3789860010147095	0.7572483420372009
-0.3759622275829315	0.6106313467025757
0.10313981026411057	-0.24530544877052307
-1.2303224802017212	1.0924667119979858
-0.4303866922855377	0.9086791276931763
-0.23047171533107758	-0.16017933189868927
-1.3326719999313354	1.6700890064239502
0.611222505569458	-0.7508604526519775
-1.1318857669830322	1.223160982131958
-0.3795388340950012	0.5943275094032288
-0.40273869037628174	0.722348690032959
0.7580161690711975	-0.8263769149780273
0.7589108943939209	-0.7824134230613708
0.15759187936782837	-0.3539234697818756
1.3727449178695679	-1.1486262083053589
-0.5073298811912537	1.0148921012878418
-1.302640676498413	1.3478326797485352
0.6473739743232727	-0.7053958773612976
-0.9135178327560425	1.436343789100647
-0.4209670424461365	0.7939825654029846
-0.4798222482204437	1.154260277748108
0.15561729669570923	-0.2663092315196991
-0.6398024559020996	0.8851128816604614
-1.124125599861145	1.5760159492492676
0.5454497933387756	-0.6913379430770874
-1.4187930822372437	1.9963254928588867
-1.3364758491516113	1.5679806470870972
-0.3797653317451477	0.7720363140106201
0.8622551560401917	-0.8753142952919006
-1.346793293952942	1.8363522291183472
-1.3349546194076538	1.5438932180404663
-1.3727742433547974	1.6711111068725586
-0.7412283420562744	1.2191001176834106
0.5944893956184387	-0.6949676871299744
-0.8571163415908813	1.2311605215072632
0.6751388907432556	-0.7756117582321167
-1.3223063945770264	1.7897589206695557
-1.316548466682434	1.5478934049606323
1.0487147569656372	-1.0437495708465576
1.2811698913574219	-1.1762399673461914
1.140109658241272	-1.1124745607376099
-0.425838828086853	0.8785967826843262
-0.7748634219169617	0.998602569103241
-0.690971314907074	0.8269334435462952
-1.329196810722351	1.509197473526001
-0.39503300189971924	0.5155565142631531
0.9747626781463623	-0.9245305061340332
-1.1047533750534058	1.2220845222473145
1.116821527481079	-1.094321370124817
0.3391017019748688	-0.45797544717788696
-1.153171181678772	1.3599084615707397
-1.322784662246704	1.6436750888824463
-1.3726810216903687	1.6167652606964111
-0.772879421710968	1.0211552381515503
-1.3489676713943481	1.5959742069244385
1.1336301565170288	-1.070763111114502
0.7786919474601746	-0.8656379580497742
0.5743788480758667	-0.6112054586410522
-1.3245888948440552	1.52329421043396
0.5550771951675415	-0.632648229598999
0.6636464595794678	-0.7830686569213867
0.28709015250205994	-0.3886433243751526
-1.326411485671997	1.4816421270370483
-0.40064358711242676	0.9433568120002747
1.2782543897628784	-1.2497137784957886
0.8526087999343872	-0.9567652940750122
0.6553113460540771	-0.7523831725120544
-1.3522166013717651	1.530293345451355
0.8416032195091248	-0.8774319291114807
1.0809907913208008	-1.0775688886642456
-0.2678433656692505	-0.16240480542182922
0.8134105205535889	-0.8708176016807556
-0.38599297404289246	0.8375343680381775
-1.2942079305648804	1.3886780738830566
0.37701380252838135	-0.3445177674293518
0.22510623931884766	-0.2781330347061157
-1.0763084888458252	1.2919787168502808
-0.3812415599822998	0.6398305296897888
-1.3629679679870605	1.6659566164016724
0.5358861684799194	-0.6232335567474365
0.7298811674118042	-0.8746762871742249
-0.7304286360740662	1.0242806673049927
0.7202513217926025	-0.7333395481109619
-1.1414659023284912	1.687543272972107
0.33012154698371887	-0.2795889377593994
1.090803623199463	-0.988450825214386
-1.3358957767486572	1.6558822393417358
0.3700914680957794	-0.42422133684158325
-0.9756826162338257	1.1739585399627686
-1.1213507652282715	1.4266135692596436
-1.3489636182785034	1.896965742111206
-0.7516711354255676	0.7943684458732605
-1.3489488363265991	1.5590072870254517
-0.4309316575527191	0.7210759520530701
0.1321447491645813	-0.26293864846229553
-1.3675956726074219	1.5436594486236572
0.8659560680389404	-0.8888652920722961
0.3519536852836609	-0.3460714519023895
-0.4110777974128723	0.2946404218673706
-1.2999136447906494	1.4134291410446167
-0.26039767265319824	-0.07737017422914505
-1.3745677471160889	1.6646490097045898
-0.8795672655105591	1.3263397216796875
1.121764063835144	-1.0971273183822632
1.140109658241272	-1.1124745607376099
-0.6950384378433228	0.7624757289886475
-1.3262381553649902	1.4988219738006592
-1.1241254806518555	1.5760163068771362
0.7381615042686462	-0.7952625155448914
0.43750959634780884	-0.600325882434845
-0.5109246373176575	0.7472696304321289
-1.113893747329712	1.3337790966033936
0.832892894744873	-0.9035798907279968
-0.7582327723503113	1.2460261583328247
-0.40614065527915955	0.7314115762710571
-1.3236685991287231	1.542960524559021
-0.37022605538368225	0.9657268524169922
-0.2566634714603424	-0.06294175237417221
0.5384110808372498	-0.7088093161582947
0.5371829867362976	-0.6527247428894043
-0.20225930213928223	-0.052337028086185455
0.2963864803314209	-0.4049946367740631
-0.3759622275829315	0.6106313467025757
-1.392595648765564	1.9610395431518555
-0.39998647570610046	0.803325355052948
1.1368021965026855	-1.1190954446792603
-0.4622045159339905	0.9650564193725586
-1.2954599857330322	1.5667721033096313
-1.144976258277893	1.3510316610336304
-1.357088327407837	1.5483808517456055
-1.292864441871643	1.6496325731277466
0.9457325339317322	-0.9438496828079224
-0.39526984095573425	0.592762291431427
-1.329237461090088	1.5815576314926147
-1.053981065750122	1.2067314386367798
-1.3476234674453735	1.6046870946884155
-1.2971779108047485	1.2948811054229736
1.1041873693466187	-0.9947719573974609
-1.3742259740829468	1.786177635192871
1.242627739906311	-1.1299399137496948
-0.47671782970428467	0.9081836342811584
-0.4726264774799347	1.0386024713516235
-0.26983609795570374	-0.17081168293952942
-0.3733828663825989	0.5724061131477356
-0.9751685261726379	1.2124018669128418
-0.2799255847930908	-0.1506938636302948
0.8680158853530884	-0.911000669002533
-0.3759622275829315	0.6106313467025757
-1.3444582223892212	1.7715518474578857
-1.4187930822372437	1.9963254928588867
0.8622857928276062	-0.9037783145904541
-0.39111965894699097	0.6184884309768677
0.9320471882820129	-0.9214152097702026
-1.3519774675369263	1.9157440662384033
0.8245082497596741	-0.8899680972099304
-1.207174301147461	1.7788528203964233
0.1833937168121338	-0.12246600538492203
-0.4243813455104828	0.8271952867507935
-1.3170186281204224	1.6437124013900757
0.9411004781723022	-0.9135947227478027
0.6780649423599243	-0.8096327185630798
-1.2948311567306519	1.317262887954712
0.7212299108505249	-0.7983930110931396
-0.46898770332336426	1.0198073387145996
0.12808483839035034	-0.29164692759513855
1.155118703842163	-1.1753239631652832
-1.3222267627716064	1.5145131349563599
-0.27426862716674805	-0.09232962876558304
0.18345840275287628	-0.4017743468284607
0.5228753089904785	-0.6779278516769409
0.6878429651260376	-0.8358734846115112
-1.3000060319900513	1.525154709815979
-0.26710984110832214	-0.08028007298707962
0.16380220651626587	-0.3397938311100006
0.3661826550960541	-0.4650741517543793
-1.351739525794983	1.7609304189682007
-1.3146544694900513	1.6637663841247559
-0.8521525859832764	1.2438257932662964
0.688923180103302	-0.7336955070495605
-1.3116756677627563	1.5021252632141113
-0.3357759416103363	-0.06474070996046066
1.2505697011947632	-1.217231035232544
-0.5311071872711182	1.0391199588775635
-1.1410547494888306	1.2824594974517822
-0.4594036042690277	0.7068483829498291
0.13499124348163605	-0.3154327869415283
1.410387635231018	-1.1722196340560913
-1.320563554763794	1.573556900024414
1.1667125225067139	-1.1716294288635254
-0.46700283885002136	0.7624810338020325
-1.1073404550552368	1.335517168045044
1.3678146600723267	-1.1904242038726807
-0.343269020318985	0.4246481955051422
1.2505697011947632	-1.217231035232544
1.121764063835144	-1.0971274375915527
0.22087827324867249	-0.34403395652770996
0.6912680268287659	-0.8163514137268066
0.6392288208007812	-0.7563655972480774
0.9020863771438599	-0.8966317176818848
-1.3257070779800415	1.581100344657898
1.3933203220367432	-1.1703064441680908
-0.3759622275829315	0.6106313467025757
1.2294414043426514	-1.1759942770004272
0.21243895590305328	-0.36236482858657837
-0.28670534491539	-0.07022229582071304
-0.46578824520111084	1.0567762851715088
-1.4187930822372437	1.9963254928588867
-1.1047228574752808	1.2440284490585327
0.9613216519355774	-1.0314468145370483
-0.3735325336456299	0.5694196820259094
0.8622554540634155	-0.8753144145011902
-0.6621514558792114	1.1321678161621094
-1.1747900247573853	1.7360856533050537
1.1109825372695923	-1.0058408975601196
0.5079488158226013	-0.5480166077613831
-1.360593557357788	1.9335688352584839
-1.3059313297271729	1.4115742444992065
1.0566861629486084	-1.0232629776000977
0.5713710188865662	-0.7127625942230225
-1.0569871664047241	1.1234513521194458
0.12808483839035034	-0.29164692759513855
-1.3096673488616943	1.450537919998169
-1.3176544904708862	1.5598328113555908
-0.8460845351219177	1.0991774797439575
0.6714916825294495	-0.7192485332489014
0.11191189289093018	-0.27040645480155945
0.7152055501937866	-0.863509476184845
1.090803623199463	-0.9884509444236755
-0.6966713666915894	1.2750953435897827
-1.1190043687820435	1.4501264095306396
-0.5308481454849243	0.8461850881576538
0.7233352661132812	-0.7968271374702454
-1.0282963514328003	1.4112070798873901
-0.4406059682369232	1.0041650533676147
-1.0645945072174072	1.1424038410186768
-1.3093012571334839	1.5216292142868042
0.9151475429534912	-0.9167126417160034
0.7022831439971924	-0.7645016312599182
0.17803220450878143	-0.17939792573451996
0.6598859429359436	-0.779175877571106
-1.0214923620224	1.1797584295272827
0.4968887269496918	-0.6661711931228638
0.1258114129304886	-0.2692537307739258
-0.8171916007995605	1.3651912212371826
0.8420245051383972	-0.8458554744720459
0.7580159902572632	-0.8263770341873169
-1.321298360824585	1.644971251487732
0.6730524897575378	-0.7324996590614319
0.5967055559158325	-0.7229090929031372
-0.40547052025794983	0.6891409158706665
1.3894928693771362	-1.266966700553894
-0.720975399017334	1.0423599481582642
-0.8808627128601074	1.102726936340332
-1.3732670545578003	1.9590086936950684
1.1838281154632568	-1.1441107988357544
-0.279231458902359	-0.19323813915252686
-0.8965486288070679	1.398597002029419
0.5163678526878357	-0.6320697665214539
-1.2786648273468018	1.3430579900741577
0.5661510825157166	-0.6679230332374573
0.8622551560401917	-0.8753142952919006
0.09854589402675629	-0.23252823948860168
0.688090443611145	-0.6996625661849976
0.14771318435668945	-0.17260868847370148
-0.2592819333076477	-0.09699484705924988
-1.3738404512405396	1.9866572618484497
0.7069839835166931	-0.8206048011779785
1.337732195854187	-1.3140788078308105
-0.2863069176673889	-0.13250519335269928
-1.3358345031738281	1.5807911157608032
-1.309401512145996	1.6877453327178955
1.1170322895050049	-1.1065727472305298
0.08887317776679993	-0.2118651121854782
0.18624231219291687	-0.23641087114810944
0.8222548961639404	-0.9242621660232544
-0.30591678619384766	-0.1619219332933426
-1.3903573751449585	1.6576921939849854
-1.3182615041732788	1.5636651515960693
-1.076131820678711	1.337807536125183
0.9177308082580566	-0.9347724318504333
-0.2438167780637741	-0.46652740240097046
0.8539084792137146	-1.008192777633667
0.12549328804016113	-0.21763162314891815
-0.522962749004364	0.6779011487960815
-0.41912850737571716	0.7301501035690308
-0.5344182252883911	0.9227052927017212
-0.4145396649837494	0.6601551175117493
0.8622551560401917	-0.8753142952919006
0.6386959552764893	-0.7763685584068298
-1.3343348503112793	1.6047438383102417
-1.3026516437530518	1.4691531658172607
-0.46817174553871155	0.9667410850524902
-1.3690359592437744	1.6505118608474731
-1.4144716262817383	1.547764778137207
-0.49406108260154724	0.8748234510421753
-1.346580982208252	1.5106196403503418
-0.3857782185077667	0.7929161787033081
-1.3726797103881836	1.821954369544983
0.5704785585403442	-0.6601369976997375
-0.28662440180778503	-0.027838096022605896
1.229485034942627	-1.239078164100647
-0.43161043524742126	0.7325333952903748
0.20199023187160492	-0.23909026384353638
0.6634132862091064	-0.7616361975669861
0.8737842440605164	-0.9696635603904724
0.9747626781463623	-0.9245305061340332
0.812614917755127	-0.8784164190292358
-1.3528263568878174	1.8971645832061768
1.080257773399353	-1.0910592079162598
0.921413004398346	-1.0097116231918335
-1.1108006238937378	1.4708746671676636
-0.2787831425666809	-0.18559299409389496
0.1420937478542328	-0.19707076251506805
-1.2998381853103638	1.6679348945617676
-1.3246617317199707	1.5777153968811035
-1.0777013301849365	1.4066343307495117
-0.254038542509079	-0.11852874606847763
-0.8783069252967834	0.9841259121894836
0.8151596188545227	-0.8766770958900452
-0.861029863357544	1.0752149820327759
-0.5878759622573853	1.1208208799362183
1.410387635231018	-1.1722196340560913
1.242627739906311	-1.1299399137496948
0.6430063843727112	-0.7830295562744141
-0.7271636128425598	0.8040218949317932
0.9081996083259583	-0.8500686287879944
1.1442573070526123	-1.0392650365829468
-1.0181483030319214	1.1311215162277222
0.12849712371826172	-0.22592072188854218
-1.315733551979065	1.7496206760406494
0.14726968109607697	-0.28375813364982605
0.13722707331180573	-0.23687207698822021
1.5510587692260742	-1.211906909942627
0.8369104862213135	-0.8685360550880432
0.8541706800460815	-0.9242600202560425
-1.367530345916748	1.8037058115005493
-0.38861486315727234	0.5814496278762817
-0.4152912497520447	1.038395881652832
0.7310255169868469	-0.7722281217575073
-0.8529369831085205	1.311767339706421
-0.38591307401657104	0.8466551899909973
0.7140635848045349	-0.7741020917892456
1.0487147569656372	-1.0437495708465576
-1.3822039365768433	1.9249104261398315
1.197060227394104	-1.1221362352371216
0.939304769039154	-0.9429199695587158
-0.973588764667511	1.319771409034729
0.19990979135036469	-0.2661707401275635
0.21139352023601532	-0.1968141794204712
-0.46588027477264404	0.5930816531181335
-0.4363912343978882	0.9311825037002563
0.11191189289093018	-0.27040645480155945
0.8408944606781006	-0.9566399455070496
1.121764063835144	-1.0971273183822632
0.15561729669570923	-0.26630914211273193
1.1542609930038452	-1.1531405448913574
-0.5343338847160339	1.0904037952423096
-0.8048401474952698	1.0555639266967773
0.8644415736198425	-0.8459727764129639
-1.3559373617172241	1.7593944072723389
-0.8729116916656494	1.0890957117080688
1.441698670387268	-1.3019990921020508
0.05267280712723732	-0.2633563280105591
0.730079710483551	-0.8410531878471375
-0.7297426462173462	1.0403121709823608
1.1530147790908813	-1.141228437423706
0.845106303691864	-0.8012898564338684
0.667802631855011	-0.7677630186080933
-1.2673393487930298	1.3794358968734741
0.13566043972969055	-0.20527639985084534
-0.8650502562522888	1.4203836917877197
-0.4482256770133972	0.7639860510826111
0.3693158030509949	-0.5059133172035217
1.1412559747695923	-1.1194195747375488
-0.6822133660316467	1.2036691904067993
0.14786578714847565	-0.2680158019065857
-1.3823601007461548	1.817179560661316
-1.077560544013977	1.3524218797683716
-1.1006419658660889	1.4075366258621216
-1.1750133037567139	1.681218147277832
0.9020863771438599	-0.8966317176818848
-0.27551332116127014	-0.1280316710472107
1.214477300643921	-1.135288953781128
-0.4014551341533661	0.6081398725509644
0.132420152425766	-0.2816235423088074
1.3607767820358276	-1.1250931024551392
0.9489784836769104	-0.9528156518936157
-0.7560973167419434	1.1955686807632446
-0.40126776695251465	0.6756485104560852
-0.7580837607383728	1.0722867250442505
0.8210983276367188	-0.84256911277771
0.16108466684818268	-0.26146578788757324
0.7380056977272034	-0.8015931844711304
-1.3098487854003906	1.4622962474822998
-1.0902385711669922	1.317758560180664
-1.1410466432571411	1.3130478858947754
0.7572106719017029	-0.7920929193496704
0.8278891444206238	-0.884099543094635
0.16380220651626587	-0.3397938311100006
0.5307971835136414	-0.6755164265632629
-0.3574862480163574	0.6522215008735657
1.121764063835144	-1.0971273183822632
-1.030271291732788	1.3412079811096191
1.1711769104003906	-1.0645149946212769
-0.23683200776576996	-0.10413205623626709
-0.7471166849136353	1.0113880634307861
0.7533957362174988	-0.8023718595504761
0.18345840275287628	-0.4017743468284607
0.1435546576976776	-0.2688547372817993
-0.4418134391307831	0.6594939231872559
-1.1747899055480957	1.7360856533050537
-0.9135178327560425	1.436343789100647
1.2172218561172485	-1.148507833480835
1.3012834787368774	-1.2746117115020752
0.7014727592468262	-0.7976170182228088
0.7298529744148254	-0.8798306584358215
0.30881989002227783	-0.44481176137924194
1.1329230070114136	-1.1071927547454834
0.7580161690711975	-0.8263769149780273
-0.7800672650337219	1.1894246339797974
-1.3585867881774902	1.6516064405441284
1.3792552947998047	-1.2059191465377808
-0.4964118003845215	0.631333589553833
-0.7556818127632141	1.3194046020507812
-0.3755107820034027	0.7063526511192322
-0.8154668211936951	1.1371351480484009
-1.3521078824996948	1.7466450929641724
0.43542370200157166	-0.5615001916885376
0.6943066120147705	-0.8796714544296265
0.2680172622203827	-0.36783328652381897
0.09403732419013977	-0.2127300500869751
-1.3526098728179932	1.5411707162857056
-1.1569678783416748	1.5770598649978638
0.5588861107826233	-0.6393389105796814
0.12831851840019226	-0.33341270685195923
-0.7905790209770203	1.0761423110961914
0.681704580783844	-0.7554973363876343
0.14861233532428741	-0.21668188273906708
0.8796617388725281	-0.9418367743492126
-1.1410466432571411	1.3130478858947754
0.6944199800491333	-0.8932346105575562
-1.112155556678772	1.2278841733932495
1.0866670608520508	-0.9987978339195251
-0.8370822668075562	1.0407767295837402
-0.2296927273273468	-0.04835623875260353
-1.0599713325500488	1.262959599494934
-0.8340862393379211	0.9989171624183655
0.9777488112449646	-0.820287823677063
-0.4884320795536041	1.0169336795806885
-0.4363912343978882	0.9311825037002563
1.119499683380127	-1.028887391090393
-0.3087485134601593	-0.039173759520053864
0.8146697878837585	-0.8103163838386536
-0.39489731192588806	0.8302687406539917
-0.3819931745529175	0.6894294619560242
-0.4868716299533844	1.1002358198165894
0.893157422542572	-0.9536842703819275
-1.299613118171692	1.4574121236801147
-0.4014550745487213	0.6081400513648987
0.16535571217536926	-0.0994783341884613
0.7804467678070068	-0.8112821578979492
-0.8448064923286438	1.0924075841903687
-1.1051013469696045	1.3809846639633179
0.6884174942970276	-0.8082479238510132
-0.4842570126056671	0.6710667610168457
0.6028105020523071	-0.7137556672096252
-1.3293448686599731	1.6801490783691406
1.1334153413772583	-1.198683500289917
0.583456814289093	-0.6464163064956665
-1.3219945430755615	1.5278640985488892
0.5186288952827454	-0.6835702061653137
0.5558862686157227	-0.6787696480751038
0.13066372275352478	-0.33611777424812317
0.0513814352452755	-0.1927143931388855
0.808390200138092	-0.8651015758514404
-0.41156530380249023	0.6578357219696045
-1.318587303161621	1.5332204103469849
1.0892690420150757	-1.0155739784240723
-1.0956072807312012	1.187260627746582
0.13318131864070892	-0.23436005413532257
0.3779275119304657	-0.45964810252189636
0.3885367512702942	-0.6529381275177002
-0.9657657742500305	1.325806975364685
1.37460196018219	-1.3356345891952515
1.1360535621643066	-1.069686770439148
0.12330865859985352	-0.28937792778015137
0.13279470801353455	-0.28568923473358154
-1.3701748847961426	1.8069474697113037
-0.45197662711143494	0.669858455657959
0.6560081839561462	-0.728020429611206
0.6654177904129028	-0.7937276363372803
1.3436232805252075	-1.254836916923523
0.1549040824174881	-0.3284103274345398
0.3855346143245697	-0.6093608140945435
-1.3888256549835205	1.9475572109222412
-0.29519376158714294	-0.14115571975708008
-1.1623057126998901	1.7497118711471558
-0.2749346196651459	-0.024479616433382034
-1.3158420324325562	1.5278681516647339
-1.3261247873306274	1.6596835851669312
1.0566861629486084	-1.0232629776000977
0.8333041667938232	-0.9219204187393188
-0.8033587336540222	1.1946252584457397
0.13914063572883606	-0.311815470457077
0.6109872460365295	-0.7528298497200012
0.3180707097053528	-0.40264052152633667
0.8677186965942383	-0.8013095855712891
1.0410751104354858	-0.9204752445220947
-0.3937578797340393	0.43543535470962524
-0.39293521642684937	0.781898021697998
-1.3586788177490234	1.8227092027664185
-1.085281491279602	1.2012330293655396
0.4248705506324768	-0.5032368898391724
0.7534052133560181	-0.7305268049240112
0.5100143551826477	-0.6810197830200195
0.8421751260757446	-0.9227218627929688
-0.3212282657623291	-0.07893349975347519
-0.8126140236854553	0.8913721442222595
0.8622551560401917	-0.8753142952919006
-0.39503300189971924	0.5155565142631531
0.3392978608608246	-0.4141906797885895
0.19749847054481506	-0.27093368768692017
-1.099270224571228	1.4197971820831299
-0.8768784999847412	1.4103190898895264
0.8278777599334717	-0.918602466583252
1.242627739906311	-1.1299397945404053
1.2505697011947632	-1.217231035232544
-1.341239333152771	1.712061882019043
1.3792552947998047	-1.2059191465377808
1.4180082082748413	-1.105547308921814
1.4038043022155762	-1.286111831665039
-1.4187930822372437	1.9963254928588867
0.812614917755127	-0.8784164190292358
0.8622551560401917	-0.8753142952919006
1.197060227394104	-1.1221362352371216
-0.41462865471839905	0.40555280447006226
-0.3898141384124756	0.7542225122451782
1.0487147569656372	-1.0437495708465576
0.6990637183189392	-0.845084011554718
-0.8448064923286438	1.0924078226089478
-1.360508918762207	1.8863989114761353
0.6398825645446777	-0.7208755016326904
0.5987093448638916	-0.6959851980209351
-1.1051044464111328	1.269500732421875
-1.2884182929992676	1.487291693687439
-1.3579293489456177	1.6073825359344482
-0.8085103034973145	0.953066885471344
0.8263397216796875	-0.8979375958442688
0.9320471882820129	-0.9214152097702026
0.5477653741836548	-0.6547794938087463
0.9176841974258423	-0.9126277565956116
-1.090922236442566	1.477706789970398
-1.326533555984497	1.5038821697235107
0.6154474020004272	-0.6823002099990845
1.3341017961502075	-1.0778518915176392
-1.3295522928237915	1.4946106672286987
0.10458588600158691	-0.18760058283805847
-0.4509165287017822	1.0845874547958374
-1.1371192932128906	1.5859917402267456
-1.3497563600540161	1.788772463798523
-0.38151389360427856	0.7895273566246033
0.5286942720413208	-0.5704382061958313
-1.372680902481079	1.6167652606964111
1.1885639429092407	-1.1553153991699219
1.1336301565170288	-1.070763111114502
-1.1246724128723145	1.3355942964553833
-0.3845072388648987	0.8917333483695984
0.7725819945335388	-0.8365216851234436
-0.38370558619499207	0.47727763652801514
-1.1146869659423828	1.4316585063934326
-0.6018136143684387	1.0570756196975708
1.254273533821106	-1.2759002447128296
0.9566430449485779	-1.022706151008606
-0.9104684591293335	1.1769697666168213
-1.351575255393982	1.7823314666748047
1.090803623199463	-0.988450825214386
-0.8341571688652039	1.0647684335708618
0.19896505773067474	-0.3796848952770233
0.7272737622261047	-0.8667811751365662
-1.081537127494812	1.170867681503296
0.8622857928276062	-0.9037783145904541
1.3792552947998047	-1.2059191465377808
0.8972752690315247	-0.8981380462646484
-0.24775613844394684	-0.04455184563994408
0.5937786102294922	-0.7056028842926025
-0.40720221400260925	0.5240959525108337
-0.4892483055591583	0.7871233224868774
-1.1058120727539062	1.428566813468933
-0.4595104455947876	1.0347111225128174
0.6080196499824524	-0.6928536295890808
-1.3366626501083374	1.6979159116744995
0.7298811674118042	-0.8746762871742249
0.21694664657115936	-0.20398332178592682
1.0262857675552368	-1.04110586643219
0.14514026045799255	-0.2882489264011383
-1.3119860887527466	1.6061590909957886
-1.3937100172042847	1.9133764505386353
1.0578837394714355	-0.9804643988609314
0.7311290502548218	-0.7348029017448425
0.730079710483551	-0.8410531878471375
0.3002585768699646	-0.3512605130672455
0.9049097299575806	-0.9090307354927063
-1.3742259740829468	1.786177635192871
-0.6784762144088745	1.0160925388336182
-1.091737985610962	1.413403034210205
-1.3356186151504517	1.7110211849212646
-0.4057455360889435	0.48181235790252686
0.40984249114990234	-0.5885023474693298
0.5835410952568054	-0.6618936061859131
-0.352131187915802	0.607331395149231
0.13499124348163605	-0.3154327869415283
0.6113510727882385	-0.5207211971282959
0.17715135216712952	-0.381148099899292
1.1160743236541748	-1.1694468259811401
-1.3512126207351685	1.8908320665359497
0.6535329818725586	-0.783358633518219
-1.101448893547058	1.2674485445022583
0.76618891954422	-0.8101915717124939
-1.3586289882659912	1.7001574039459229
-1.3751121759414673	1.5665743350982666
0.7696053385734558	-0.8896054029464722
0.09160026907920837	-0.20364920794963837
-0.8248924016952515	0.9075632691383362
0.7941197752952576	-0.8402105569839478
-0.771089494228363	1.079790472984314
0.7602247595787048	-0.8098228573799133
0.8521645069122314	-0.879999577999115
-0.45920732617378235	0.9378398656845093
0.14359664916992188	-0.2216823250055313
0.7022466659545898	-0.8935388326644897
1.3611574172973633	-1.2970269918441772
-0.7532898187637329	0.8414836525917053
1.1465100049972534	-1.0843658447265625
-1.0890376567840576	1.1314328908920288
-0.38949164748191833	0.6235498785972595
1.0487147569656372	-1.0437496900558472
0.17275026440620422	-0.4665891230106354
-0.9406768083572388	1.356521487236023
-0.25508493185043335	-0.17417170107364655
-1.3414653539657593	1.6429493427276611
-1.346829891204834	1.5042239427566528
-0.287295401096344	-0.1090310588479042
1.121764063835144	-1.0971274375915527
-1.312282919883728	1.6365453004837036
0.812614917755127	-0.8784164190292358
1.121764063835144	-1.0971273183822632
0.4835257828235626	-0.6179150342941284
-0.4271291494369507	0.9112082123756409
0.5561925768852234	-0.6564064621925354
0.2236679494380951	-0.3026551604270935
-1.3601289987564087	1.6311347484588623
-0.6245548129081726	1.046385645866394
0.25910064578056335	-0.3163842558860779
0.8622551560401917	-0.8753142952919006
-1.0251185894012451	1.1034586429595947
0.8622551560401917	-0.8753142952919006
-1.3383970260620117	1.5679066181182861
1.1560285091400146	-1.1459298133850098
-0.4281967282295227	0.89329993724823
1.2157937288284302	-1.1345083713531494
-0.7967170476913452	0.8500516414642334
0.7628565430641174	-0.8713110685348511
1.3394333124160767	-1.0514048337936401
-1.078809380531311	1.2651034593582153
-0.6957035660743713	1.3708958625793457
0.6537938714027405	-0.6175494194030762
1.1043787002563477	-0.9285094141960144
-0.35462358593940735	0.056322671473026276
-0.3699744641780853	0.5789250731468201
-1.3246248960494995	1.4219236373901367
1.1302316188812256	-1.148187279701233
1.3227808475494385	-1.1901757717132568
-1.1654510498046875	1.771335482597351
-0.45894747972488403	0.897401750087738
0.8421751260757446	-0.9227218627929688
-0.35376328229904175	0.48343339562416077
-1.3556777238845825	1.4698805809020996
0.8275277018547058	-0.8383269906044006
-1.1654510498046875	1.771335482597351
-0.2210465520620346	-0.2385534793138504
0.7994059920310974	-0.8004136681556702
0.6332941651344299	-0.8454439640045166
0.7474709749221802	-0.8953078985214233
-1.3757681846618652	1.7674260139465332
-0.7774441838264465	1.2100470066070557
-1.3106114864349365	1.4435889720916748
1.1662346124649048	-1.2506892681121826
0.5224009156227112	-0.569902241230011
0.6636444330215454	-0.6099827289581299
0.6246586441993713	-0.7705262899398804
-0.4843939244747162	1.109418272972107
-0.3769020140171051	0.7867510318756104
-1.0112810134887695	1.6295396089553833
0.16430403292179108	-0.07663112878799438
0.9320471882820129	-0.9214152097702026
0.22722645103931427	-0.3653988540172577
-0.41702181100845337	0.8238207697868347
-0.4078797698020935	0.8826918005943298
-1.119004487991333	1.4501267671585083
-1.289354681968689	1.3807036876678467
-1.3455380201339722	1.5501567125320435
-0.6948187947273254	0.754969596862793
-0.3571021556854248	0.6060459017753601
-1.3671056032180786	1.8377703428268433
-0.3896030783653259	0.7874358296394348
-0.8199626207351685	1.2134811878204346
0.9747626781463623	-0.9245303869247437
-1.0789247751235962	1.2511643171310425
-1.311985969543457	1.6061592102050781
0.6102870106697083	-0.7031736969947815
-0.6220094561576843	0.8000426292419434
-1.3336522579193115	1.732565999031067
1.3832192420959473	-1.2882936000823975
0.1173735186457634	-0.16054342687129974
1.2505697011947632	-1.2172311544418335
-0.6814174056053162	0.8678750991821289
1.3090656995773315	-1.1204438209533691
0.8424625992774963	-0.8348654508590698
-0.39197251200675964	0.598859965801239
1.1137622594833374	-1.0369691848754883
-0.27984747290611267	-0.04533422365784645
-1.077701210975647	1.4066343307495117
-0.8145144581794739	1.1300307512283325
-0.3130183517932892	-0.07143374532461166
-0.39692366123199463	0.6219489574432373
-1.3788570165634155	1.8268096446990967
1.3384073972702026	-1.296208143234253
-1.0975202322006226	1.4025002717971802
0.8677184581756592	-0.8013094067573547
-0.37784847617149353	0.6625833511352539
0.6588551998138428	-0.7294763326644897
0.3673442602157593	-0.403882771730423
0.13997170329093933	-0.2943822741508484
0.8428722023963928	-0.8183375597000122
0.8261287808418274	-0.8877097964286804
0.57872074842453	-0.7227585315704346
-1.4187930822372437	1.9963254928588867
-1.0008693933486938	1.1387046575546265
0.5286030769348145	-0.6467476487159729
0.6854620575904846	-0.8741858005523682
1.2484928369522095	-1.183062195777893
0.8796617388725281	-0.9418367743492126
-0.35264796018600464	0.47861364483833313
-0.4113820791244507	0.6924390196800232
-0.4008394777774811	0.4319799542427063
1.1597386598587036	-1.0460491180419922
0.6547285914421082	-0.8337068557739258
-1.3203492164611816	1.5609252452850342
0.5339508056640625	-0.6728644371032715
0.41360822319984436	-0.4459015429019928
-1.0159462690353394	1.1859241724014282
-0.8106353878974915	0.9661318063735962
-0.3873213231563568	0.7594143748283386
0.21715106070041656	-0.33506637811660767
0.16466538608074188	-0.19697321951389313
-1.0941473245620728	1.3494948148727417
-1.0599713325500488	1.262959599494934
-1.1190043687820435	1.4501264095306396
