0.5466867089271545	0.15892955660820007
1.3191925287246704	-0.7467080950737
1.4999165534973145	-0.6355392336845398
0.6632388234138489	0.035075459629297256
1.643626093864441	-1.6848952770233154
-1.0740317106246948	1.0889564752578735
-1.1329246759414673	0.8909322619438171
-0.3787401020526886	0.32704201340675354
-0.9538735747337341	1.6471775770187378
0.48241743445396423	-0.16287311911582947
-0.4327842593193054	0.37670063972473145
-1.1578716039657593	1.0357673168182373
-0.25679346919059753	0.05712531879544258
0.9231467843055725	-0.3023366928100586
-1.1717503070831299	1.322493076324463
1.6710498332977295	-1.5241496562957764
0.667339563369751	-0.23723137378692627
1.7159875631332397	-1.3425105810165405
1.2934895753860474	-0.7074810862541199
0.6927914619445801	-0.1106862723827362
-1.183685302734375	1.2087244987487793
-1.164476752281189	0.9844514727592468
-1.0583361387252808	1.3607100248336792
-0.9502087235450745	1.0786079168319702
-1.0524630546569824	1.2003511190414429
-1.199143409729004	1.1988561153411865
0.36539825797080994	0.7734667658805847
-0.9516895413398743	1.40940523147583
-1.0436574220657349	1.3521089553833008
-0.47962817549705505	0.2574005424976349
-1.1578950881958008	1.529845952987671
-1.1074988842010498	1.3052382469177246
0.8658135533332825	-0.03009689971804619
-1.0902179479599	1.5035783052444458
-0.43605321645736694	-0.0668824315071106
0.5833759903907776	0.3119785189628601
0.9050130844116211	0.6248773336410522
0.8232374787330627	-0.5881910920143127
-0.9018341898918152	0.9393307566642761
0.5945286154747009	0.4635539650917053
-0.47962817549705505	0.2574005424976349
0.8582614064216614	0.46425554156303406
-1.1120493412017822	1.4012205600738525
-1.2084097862243652	1.0294337272644043
-1.0187797546386719	0.9988254904747009
1.1957526206970215	-0.8441333770751953
0.43757209181785583	-0.003688196651637554
-0.427569180727005	0.7158715128898621
-0.41403675079345703	0.4389570355415344
-1.1967568397521973	1.4641162157058716
0.15874479711055756	-0.18961022794246674
-1.1625945568084717	1.0744209289550781
-0.3562763035297394	0.04354919493198395
0.419670432806015	0.16581405699253082
0.4876921772956848	-0.089155413210392
-1.011427640914917	1.057765007019043
0.5109355449676514	0.049197401851415634
-0.41558387875556946	0.5865421295166016
-1.117409110069275	1.3992334604263306
0.4203225374221802	0.16886214911937714
0.8232235908508301	-0.018252385780215263
1.6728602647781372	-1.3259437084197998
-1.1645302772521973	1.3339208364486694
1.553004264831543	-1.391143798828125
-0.4629195034503937	0.3694124221801758
-0.45197194814682007	0.1121802106499672
-1.1768327951431274	1.2912678718566895
1.1380892992019653	-0.7227854132652283
-1.1318519115447998	1.3593112230300903
-0.3735804259777069	0.4190569221973419
-1.2026703357696533	1.184205174446106
-0.8867389559745789	0.7054534554481506
1.5401772260665894	-1.2706109285354614
-1.1647976636886597	1.175536870956421
-1.2084097862243652	1.0294337272644043
-1.1234800815582275	1.2516103982925415
-0.44423046708106995	0.7179968953132629
-1.0507874488830566	1.1300684213638306
-0.4801473021507263	0.6402779817581177
1.5962156057357788	-1.6931159496307373
-1.1807475090026855	1.0201165676116943
-1.0892460346221924	1.2499881982803345
-1.0391055345535278	0.9843357801437378
0.864036500453949	-0.18071022629737854
1.0480531454086304	-0.27147212624549866
0.667339563369751	-0.23723137378692627
-1.0298020839691162	0.9521379470825195
-0.4491858184337616	0.5621842741966248
0.7842272520065308	-0.04178791120648384
-1.152685284614563	1.3244012594223022
-1.2231162786483765	1.3418190479278564
-1.0524630546569824	1.2003511190414429
0.8489832282066345	-0.09160802513360977
-0.41403675079345703	0.4389570355415344
-1.1314514875411987	1.3502166271209717
-0.45949307084083557	0.3571277856826782
-1.1608937978744507	1.157970666885376
1.2080023288726807	0.06887853145599365
-1.1170530319213867	1.5548927783966064
-0.3900803327560425	0.18537478148937225
-1.0054771900177002	0.9438223838806152
-1.0881952047348022	0.9796154499053955
0.8699036240577698	-0.25164949893951416
-0.3538120985031128	0.11993037164211273
-1.1676363945007324	1.1210471391677856
-0.24537593126296997	-0.2876449525356293
1.2289091348648071	-0.20650549232959747
-0.3338431417942047	0.10136427730321884
-1.1450181007385254	1.1257100105285645
-1.2056158781051636	1.3704638481140137
0.3071088492870331	0.5125293731689453
-1.1330299377441406	1.232275128364563
1.5542670488357544	-0.9870476126670837
-0.3061205744743347	0.8460133671760559
-1.1006604433059692	1.1484744548797607
1.4875152111053467	-1.349779725074768
-0.25692376494407654	0.24395081400871277
-0.34008076786994934	0.7754406332969666
-1.0863840579986572	1.4214205741882324
-1.1139012575149536	1.447934627532959
1.5972294807434082	-1.243943214416504
-0.2939348816871643	0.24974924325942993
-1.153853416442871	1.2402855157852173
-1.2026703357696533	1.184205174446106
1.1276826858520508	-0.6939491629600525
0.8141191005706787	-0.40395990014076233
0.5139903426170349	-0.11832544952630997
1.074488878250122	-0.16286370158195496
1.530840277671814	-1.1802210807800293
0.2076730877161026	0.2891560196876526
-1.0244537591934204	1.2243244647979736
-0.458095908164978	0.03173806518316269
0.7408174276351929	-0.06889136880636215
-1.051338791847229	1.2594674825668335
1.6181845664978027	-1.5419985055923462
-0.458095908164978	0.03173806518316269
0.7719119787216187	0.2320796251296997
0.8063336610794067	0.06748873740434647
-1.1865524053573608	1.0841680765151978
-0.9843067526817322	1.2254576683044434
-1.1463239192962646	1.6017433404922485
-1.0651631355285645	1.406099796295166
-1.011427640914917	1.057765007019043
-1.2084097862243652	1.0294337272644043
-1.1795408725738525	1.0468751192092896
1.592483639717102	-1.3024356365203857
-1.1337764263153076	0.9265702366828918
0.5488445162773132	0.0031760463025420904
-0.49219632148742676	0.5005710124969482
-1.1834405660629272	1.3905720710754395
1.6535463333129883	-1.3677914142608643
0.8744714260101318	-0.004023733548820019
-1.0025663375854492	0.8547719717025757
1.5595308542251587	-1.6406080722808838
-0.4754784405231476	-0.09866172075271606
-1.1879141330718994	1.2482085227966309
-0.4754784405231476	-0.09866172075271606
-1.175361156463623	1.151431679725647
-1.0792758464813232	1.3050731420516968
0.9685809016227722	-1.0561859607696533
-1.076927900314331	1.3612786531448364
1.4928568601608276	-1.1824736595153809
-1.0013883113861084	1.421155333518982
0.7758857607841492	-0.02244146354496479
0.8852710723876953	-0.1375626176595688
-1.1888091564178467	1.3137177228927612
0.9172080755233765	-0.05696582794189453
1.5911120176315308	-1.2702126502990723
-0.21759133040905	0.322339802980423
-1.1535296440124512	1.1660462617874146
-0.9435837268829346	1.039725422859192
-1.1854722499847412	1.2295490503311157
0.853256344795227	-0.31043151021003723
-1.1967674493789673	1.3762774467468262
-0.4543811082839966	0.7659450173377991
1.1286274194717407	-0.6547039151191711
1.564389705657959	-1.3537485599517822
0.7959181666374207	-0.012207869440317154
-1.0345879793167114	0.7856747508049011
-0.452501118183136	0.16479918360710144
-1.0792690515518188	1.2526390552520752
-1.1298645734786987	1.5299880504608154
1.1441913843154907	-0.5302025675773621
1.1252142190933228	-0.7765030264854431
-0.30968692898750305	0.29904693365097046
-0.47962817549705505	0.2574005424976349
-1.0442678928375244	1.2632192373275757
-1.0924503803253174	1.1298956871032715
-0.4851505160331726	0.036565687507390976
0.48241743445396423	-0.16287311911582947
-0.42467448115348816	-0.11403736472129822
-0.4012724459171295	0.8151525259017944
0.7376048564910889	0.09842604398727417
-0.45596691966056824	0.465230792760849
-1.0304851531982422	0.8394638299942017
1.0482776165008545	-0.17410647869110107
-1.0656609535217285	1.2559592723846436
-1.1802771091461182	1.2895276546478271
-0.4715380072593689	0.15205447375774384
-1.0880041122436523	1.3244848251342773
-1.1541756391525269	0.9754317998886108
-0.39232128858566284	0.8297927379608154
-1.1457903385162354	1.330550193786621
1.1246792078018188	-0.08356712013483047
-1.0740317106246948	1.0889564752578735
-1.1416000127792358	1.141656756401062
0.8643173575401306	-0.032624270766973495
-1.1416000127792358	1.141656756401062
-1.0072442293167114	0.8921040892601013
-0.40699657797813416	0.3473179042339325
-1.1996452808380127	1.3951115608215332
1.5348318815231323	-1.34201180934906
0.6447526216506958	-0.013515493832528591
1.4112449884414673	-1.505346417427063
0.7581469416618347	0.2535758316516876
-0.9993407726287842	1.3085054159164429
1.5742570161819458	-1.450156569480896
0.8706530332565308	-0.41592368483543396
1.13199782371521	-0.13846251368522644
-1.1178861856460571	1.297350287437439
-0.37096643447875977	-0.31050485372543335
-0.4385816752910614	0.7623743414878845
-1.0507874488830566	1.1300684213638306
-1.1647976636886597	1.175536870956421
-0.33348625898361206	0.34201693534851074
0.41524606943130493	0.34311342239379883
-1.1497422456741333	1.2187508344650269
1.702630877494812	-1.4064067602157593
0.5363257527351379	-0.35195621848106384
0.25382959842681885	-0.14430731534957886
-1.0038132667541504	1.270837426185608
0.5781754851341248	0.13589178025722504
-1.074954867362976	1.325473666191101
0.5728131532669067	0.3259929120540619
-0.4009302258491516	0.15185731649398804
1.5034639835357666	-0.8216487169265747
-1.1324982643127441	1.1898444890975952
-1.1807475090026855	1.0201165676116943
1.4959334135055542	-1.6843485832214355
-1.1844474077224731	1.2242120504379272
-0.40421605110168457	0.51405268907547
-1.053043246269226	0.838504433631897
-1.032293677330017	1.3653396368026733
-0.41403675079345703	0.4389570355415344
-1.1201791763305664	1.1637890338897705
-1.1428776979446411	1.4887480735778809
0.4354696571826935	0.30226436257362366
-0.4806520938873291	0.1688026487827301
0.36498165130615234	0.6258240342140198
-0.47962817549705505	0.2574005424976349
-1.0728660821914673	1.6817466020584106
-0.3105451166629791	0.042991966009140015
-0.9568860530853271	1.1696443557739258
-1.1788344383239746	1.4328227043151855
1.6183483600616455	-1.5255976915359497
-0.3266094923019409	-0.03185390308499336
0.7089685201644897	-0.1959543377161026
-1.125912070274353	1.0878956317901611
1.0891188383102417	-0.5244584679603577
-1.0933048725128174	1.3176084756851196
0.7364144921302795	-0.22326380014419556
-0.4703741669654846	0.40567025542259216
-1.1450181007385254	1.1257100105285645
-0.30947962403297424	0.09295901656150818
-0.2897495925426483	-0.2715916931629181
-1.1580919027328491	1.6214336156845093
-0.31058695912361145	0.4725292921066284
-1.2136318683624268	1.4518135786056519
-0.4668614864349365	0.40297383069992065
1.5704251527786255	-1.3067970275878906
-1.1211615800857544	1.3128212690353394
-0.4106849730014801	0.2597334682941437
-1.1630645990371704	1.4514127969741821
-1.1625760793685913	1.3470141887664795
-1.036886215209961	1.5395357608795166
1.502167820930481	-1.4356812238693237
-1.1211615800857544	1.3128212690353394
1.520264983177185	-1.4131165742874146
-1.1175010204315186	0.9366044998168945
1.251151204109192	-0.5907886624336243
-1.0023866891860962	1.2131091356277466
0.5941770672798157	0.22211851179599762
1.6181845664978027	-1.5419985055923462
0.794136643409729	-0.10158026963472366
-1.0259900093078613	1.144814133644104
0.7869949340820312	0.02857186086475849
-0.9665015339851379	1.4462076425552368
-0.47057560086250305	0.5473009943962097
1.2534849643707275	-0.7652413845062256
-1.1673029661178589	0.9491882920265198
0.8712599277496338	0.48122599720954895
-0.38096144795417786	0.3586886525154114
-0.36387068033218384	0.1509227603673935
-0.41504618525505066	0.7284244894981384
1.6035352945327759	-1.4846110343933105
-0.9680891036987305	1.2943012714385986
1.2284518480300903	-0.8217334151268005
0.8365379571914673	0.0732002854347229
-0.3985307812690735	0.44917649030685425
-1.039893627166748	1.0977308750152588
-1.1880507469177246	1.7618741989135742
-1.2026703357696533	1.184205174446106
1.5549856424331665	-1.3927446603775024
1.6682394742965698	-1.70540189743042
-0.2633010745048523	0.5455899238586426
-1.150107741355896	1.0930598974227905
0.7755747437477112	0.29799753427505493
1.5599068403244019	-0.6838203072547913
-0.46932193636894226	0.3347319960594177
-0.4327336251735687	0.4634600877761841
-1.0712605714797974	1.4980188608169556
1.6047708988189697	-1.3563594818115234
-0.21759133040905	0.322339802980423
1.4591120481491089	-1.5889220237731934
0.9151498079299927	0.1195078119635582
-0.45444247126579285	0.1882782131433487
0.8452579379081726	-0.5030000805854797
-1.1384369134902954	1.5370428562164307
-1.1288570165634155	1.5038849115371704
0.5335357785224915	0.24573193490505219
-1.0476807355880737	1.0401179790496826
-1.2044627666473389	1.4773478507995605
-1.1718939542770386	1.1631419658660889
-0.4094236493110657	0.3147595524787903
-1.038257122039795	1.256940245628357
1.304054856300354	-0.6650816202163696
-1.100699782371521	1.1708225011825562
-0.3452724814414978	0.05298874154686928
-1.1428204774856567	1.0989735126495361
-1.0524630546569824	1.2003511190414429
-1.1116291284561157	1.2830941677093506
1.6477490663528442	-1.5452710390090942
-0.4285634458065033	0.5026112198829651
0.5902224779129028	0.4674842357635498
-0.46001848578453064	0.3093688488006592
-1.0119510889053345	0.8158080577850342
-1.058397889137268	0.9271497130393982
-1.0892146825790405	0.8612935543060303
-1.1555099487304688	1.2360575199127197
-1.1417295932769775	1.3897967338562012
-0.4695728123188019	0.2813151180744171
1.1688809394836426	-0.35173308849334717
-0.3803025782108307	0.6657848954200745
-1.1829285621643066	1.2235281467437744
1.2691189050674438	-0.9283525943756104
-1.0380306243896484	1.1310555934906006
-1.1470328569412231	1.5593523979187012
1.5707216262817383	-1.0403406620025635
1.6949772834777832	-1.7450566291809082
-1.0744856595993042	1.356541395187378
-1.2136622667312622	1.3301630020141602
-1.0917400121688843	1.4135719537734985
0.7209389805793762	0.26876285672187805
1.1301079988479614	0.0490761399269104
-0.4703901708126068	0.3331180810928345
0.7256772518157959	-0.2867775857448578
-0.8760414123535156	1.203964352607727
-1.1177843809127808	1.4330894947052002
1.2164838314056396	-0.7670431733131409
1.5689603090286255	-1.3598660230636597
-0.31374335289001465	1.0105599164962769
-0.5154761672019958	0.15690821409225464
1.5562409162521362	-1.5619029998779297
0.49473893642425537	0.18772055208683014
1.5610415935516357	-1.703471064567566
-1.126137137413025	1.0990417003631592
0.4496089220046997	0.17049218714237213
-1.119003415107727	1.5086263418197632
1.6682394742965698	-1.70540189743042
1.238436222076416	-0.604486346244812
1.6478725671768188	-1.0274193286895752
-0.49270299077033997	0.6054527163505554
0.8300530910491943	-0.2990078628063202
1.1504223346710205	-0.8984881043434143
1.6005756855010986	-1.3271780014038086
0.9231467843055725	-0.3023366928100586
-1.1098958253860474	1.376375675201416
1.5399726629257202	-1.012303352355957
1.2536972761154175	-0.7754995226860046
1.5923305749893188	-1.2987794876098633
-1.0695608854293823	1.5006253719329834
-1.1329246759414673	0.8909322619438171
0.799773097038269	0.5147857069969177
-1.0524630546569824	1.2003511190414429
-1.1648002862930298	1.0034263134002686
-1.061564564704895	1.4015369415283203
1.1957526206970215	-0.8441333770751953
-1.0293041467666626	1.0111812353134155
0.8183026909828186	0.16878539323806763
-0.9874835014343262	1.039984107017517
0.7802305221557617	-0.18261303007602692
-1.1802771091461182	1.2895276546478271
-1.0428227186203003	1.5046961307525635
1.5910115242004395	-1.1392464637756348
-0.3827761709690094	0.780166506767273
0.8992261290550232	-0.0044742547906935215
-1.0272693634033203	0.9617573618888855
1.6949772834777832	-1.7450566291809082
0.8256921172142029	0.2256520688533783
-1.0422816276550293	1.04725980758667
0.1819819211959839	0.3214575946331024
0.5518350005149841	0.4766217768192291
0.9335776567459106	-0.3344306945800781
0.6880760192871094	0.12085823714733124
-0.350233793258667	0.9998512268066406
-0.364284485578537	0.19777368009090424
1.6678320169448853	-1.7597172260284424
-0.4410816729068756	0.27408209443092346
1.2032831907272339	-0.9789442420005798
-1.092789888381958	1.1098484992980957
-0.9348471164703369	1.1232808828353882
1.6305867433547974	-1.534636378288269
0.4350896179676056	-0.018342262133955956
-1.1047470569610596	1.3774667978286743
-1.1438875198364258	1.490140676498413
0.5659602880477905	-0.0583975650370121
-1.1751306056976318	1.6233534812927246
-1.0226494073867798	0.8301763534545898
1.5562409162521362	-1.5619029998779297
-0.33416610956192017	0.24334008991718292
-1.1622726917266846	1.2396372556686401
-0.25613874197006226	0.01287152525037527
-0.4293140172958374	0.46160605549812317
-0.3105451166629791	0.042991966009140015
-1.115860104560852	1.2691466808319092
-0.920200765132904	1.0435075759887695
-1.1131019592285156	1.2428479194641113
0.6828884482383728	0.4157054126262665
-0.41626033186912537	0.16322435438632965
1.5703027248382568	-0.917260468006134
-1.064569354057312	1.1563891172409058
0.8890878558158875	0.20537947118282318
-1.0091698169708252	0.8328820466995239
-1.0506882667541504	1.300809383392334
0.9861544966697693	0.02519766055047512
-1.1445729732513428	1.1959037780761719
-1.1888091564178467	1.3137177228927612
-0.40720927715301514	0.4285837709903717
-1.1625945568084717	1.0744209289550781
-1.126137137413025	1.0990417003631592
1.5762407779693604	-1.362542986869812
-1.1406375169754028	1.102382779121399
-1.138985514640808	1.1160155534744263
-0.3933119773864746	0.7360379695892334
-1.084393858909607	1.1466341018676758
-0.47007641196250916	0.5015349984169006
-1.1753770112991333	1.1891791820526123
-1.133942723274231	1.2526377439498901
-1.0844125747680664	1.179495096206665
-1.0848292112350464	0.5546169877052307
0.5447416305541992	-0.12755100429058075
-1.1172816753387451	1.381058692932129
-1.105218768119812	1.404008388519287
1.31947922706604	-0.7535315752029419
-1.1648002862930298	1.0034263134002686
0.7737255096435547	0.018411880359053612
-1.0339049100875854	1.1933536529541016
1.0443222522735596	-0.6543055772781372
-1.0524630546569824	1.2003511190414429
-0.9477734565734863	1.1695127487182617
0.8095439672470093	-0.18963733315467834
-1.166479468345642	1.2303273677825928
0.5942127704620361	-0.24506257474422455
-1.168750286102295	1.1811027526855469
-1.1897377967834473	1.4686843156814575
0.5803156495094299	-0.027061374858021736
-0.2706267535686493	0.023209260776638985
-1.0422449111938477	1.1688481569290161
-1.0404751300811768	1.1781084537506104
-0.3589874505996704	-0.12689019739627838
-1.1297088861465454	1.1298226118087769
-0.9824100732803345	1.0386234521865845
1.6386916637420654	-1.4541360139846802
-1.133942723274231	1.2526377439498901
0.7983919382095337	0.14614391326904297
-1.071341872215271	1.3893426656723022
0.8545941114425659	-0.27061760425567627
1.6373364925384521	-1.3209172487258911
-0.9973621368408203	0.9492806196212769
0.6888196468353271	0.48078688979148865
-0.4095771908760071	0.22166486084461212
-1.1622726917266846	1.2396372556686401
0.5187098383903503	0.21167807281017303
-1.1488014459609985	1.3730542659759521
-0.28777334094047546	0.0662909597158432
-1.1881604194641113	1.218822956085205
0.8891273140907288	0.6382837295532227
-1.1834405660629272	1.3905720710754395
0.5276663899421692	-0.18613074719905853
-1.0820039510726929	1.0959343910217285
1.55374014377594	-1.3438587188720703
-0.4261733889579773	0.055553775280714035
-0.27246779203414917	-0.10241939127445221
-1.0128984451293945	1.3677524328231812
0.8936194181442261	-0.13813412189483643
-0.3697144687175751	0.36602723598480225
-0.2031177282333374	-0.12337476760149002
-0.24135401844978333	0.07994697242975235
1.1957526206970215	-0.8441333770751953
0.9836871027946472	0.03929905965924263
-1.1365524530410767	0.9877456426620483
0.6493387222290039	-0.07117507606744766
1.0742671489715576	-0.04227067530155182
-1.051338791847229	1.2594674825668335
0.5300125479698181	-0.09307200461626053
0.5467173457145691	0.36637091636657715
1.2285534143447876	-0.8351566195487976
-1.1706115007400513	1.2578625679016113
-1.1198782920837402	1.341137170791626
0.8928260207176208	-0.7185406684875488
1.3071026802062988	-0.3584749400615692
-1.1468021869659424	1.2625806331634521
-1.1815979480743408	1.3642648458480835
-0.4000997245311737	-0.050504740327596664
0.7981967329978943	-0.2399955689907074
-1.1647976636886597	1.175536870956421
0.4448505640029907	0.32613056898117065
-1.1883354187011719	1.6393011808395386
-1.1300981044769287	0.7258628606796265
-1.0602575540542603	1.032505750656128
1.5076361894607544	-0.991513192653656
-1.2268558740615845	1.3720265626907349
0.7712284922599792	0.017107680439949036
1.1763497591018677	-0.661478579044342
-1.1618114709854126	1.0483171939849854
0.5579137802124023	0.1199469268321991
1.1441913843154907	-0.5302025675773621
-0.35024264454841614	-0.16917784512043
0.45481058955192566	0.24781548976898193
-0.2713760435581207	0.7268056869506836
1.4773627519607544	-1.5852413177490234
-0.9605193734169006	1.263219952583313
-1.1416000127792358	1.141656756401062
-1.1155952215194702	1.2857333421707153
1.2300153970718384	-1.1870434284210205
-1.1478173732757568	1.0309057235717773
1.530069351196289	-1.438816785812378
-1.0481059551239014	1.2056249380111694
-0.44640785455703735	0.3413538634777069
-0.1756967306137085	-0.23323003947734833
-0.2046857476234436	-0.1148245632648468
0.8907122611999512	-0.2750888466835022
-1.2044627666473389	1.4773478507995605
-0.5154761672019958	0.15690821409225464
-0.992644727230072	0.712636411190033
0.8025968074798584	-0.09579453617334366
-1.0418734550476074	0.9583473801612854
0.20352400839328766	0.21796253323554993
0.8608787059783936	0.24425482749938965
-0.452501118183136	0.16479918360710144
-1.0272693634033203	0.9617573618888855
-0.4750683903694153	0.34683743119239807
-1.234169602394104	1.6310657262802124
-0.3597322106361389	0.6696674227714539
-1.0868282318115234	1.3776373863220215
-1.1897835731506348	1.5217779874801636
0.4709209203720093	-0.12341471016407013
0.756585419178009	0.0024085338227450848
1.1470140218734741	-0.5545090436935425
-1.0311181545257568	1.2792160511016846
-0.3242013454437256	0.2849135994911194
-0.4366982877254486	0.4967082142829895
-1.0385751724243164	1.208475112915039
-1.1494957208633423	1.1172561645507812
0.8082136511802673	-0.06022675707936287
0.5365641117095947	0.3673867881298065
-0.24568483233451843	0.4548252820968628
-1.0272693634033203	0.9617573618888855
0.7334967851638794	-0.2831023633480072
-0.41762715578079224	-0.004718204028904438
0.8009192943572998	-0.4644244611263275
1.619492530822754	-1.4671951532363892
-1.0286951065063477	0.8583534955978394
-0.32594549655914307	-0.213361456990242
-0.9764089584350586	1.1282408237457275
0.5250773429870605	-0.3749291002750397
-1.1147366762161255	1.2910312414169312
-1.0476807355880737	1.0401179790496826
-0.47962817549705505	0.2574005424976349
1.2934895753860474	-0.7074810862541199
-1.117051601409912	0.9203109741210938
-0.35754597187042236	0.491533488035202
-0.4493659436702728	0.4972584545612335
1.6850751638412476	-1.6649508476257324
0.5572764873504639	-0.2664082646369934
-1.1844474077224731	1.2242120504379272
0.5946582555770874	-0.10823651403188705
-1.0578116178512573	1.3104497194290161
-1.1314514875411987	1.3502166271209717
0.7491205334663391	0.19548626244068146
1.499100685119629	-0.8726175427436829
-1.1804049015045166	1.0155832767486572
-0.42997151613235474	0.24722887575626373
0.828782856464386	-0.009989501908421516
0.1990201324224472	-0.09513344615697861
0.7447687387466431	0.45488548278808594
-1.0524630546569824	1.2003511190414429
-0.4842871427536011	0.3706398606300354
-1.098244071006775	1.2662009000778198
-1.0038325786590576	1.032304048538208
1.6226304769515991	-1.368569254875183
1.57725989818573	-1.2307801246643066
-1.0345879793167114	0.7856747508049011
-0.2676563262939453	-0.010895965620875359
1.1397919654846191	-0.2279941290616989
-1.048837423324585	1.4090611934661865
-0.4763108193874359	0.3786853551864624
-0.9932193756103516	1.2730809450149536
0.43903958797454834	0.11686289310455322
-1.1625945568084717	1.0744209289550781
-1.1531050205230713	1.1244784593582153
-1.1494957208633423	1.1172561645507812
-1.1591250896453857	1.261647343635559
1.5348318815231323	-1.34201180934906
-1.0272693634033203	0.9617573618888855
0.7431703805923462	-0.476316899061203
-1.0830321311950684	1.2200011014938354
0.8384944200515747	-0.5362063050270081
1.5260354280471802	-0.9069758057594299
1.2005783319473267	-0.6071698069572449
-0.29053595662117004	-0.10557076334953308
-0.8965773582458496	1.4073166847229004
-0.8990910053253174	1.4541007280349731
-0.5087737441062927	0.16199390590190887
-0.9730899333953857	1.0892961025238037
1.5163296461105347	-1.55204176902771
1.675941824913025	-1.385554313659668
0.5265422463417053	0.13903458416461945
0.8308813571929932	0.17004379630088806
-0.4317783713340759	0.5630545020103455
0.8343019485473633	0.30673646926879883
-0.47495898604393005	0.3022271394729614
0.4940555989742279	0.14969216287136078
-1.1826380491256714	1.2647449970245361
1.6063023805618286	-1.3189003467559814
0.24016320705413818	-0.11967073380947113
-1.1642210483551025	1.2262104749679565
-1.0204977989196777	0.9776243567466736
-1.0270137786865234	1.1130410432815552
1.6827024221420288	-1.4490666389465332
-0.47630876302719116	0.019812805578112602
1.5669580698013306	-1.5661519765853882
-0.3372741937637329	0.36373454332351685
1.2087841033935547	-1.074005126953125
0.5090689659118652	0.43203088641166687
-0.9216463565826416	0.7765546441078186
-1.1074591875076294	0.9489182233810425
-1.1001650094985962	1.4996579885482788
-0.44723644852638245	0.21230833232402802
-1.1751306056976318	1.6233534812927246
0.7633784413337708	0.09750702977180481
-0.9773349165916443	1.0735509395599365
1.1204681396484375	0.3628949820995331
-1.2044627666473389	1.4773478507995605
0.576549768447876	0.14205583930015564
1.136101245880127	-0.4906322956085205
-1.1994718313217163	1.214910626411438
1.5291904211044312	-1.4202053546905518
1.553970217704773	-1.2257579565048218
-1.2027491331100464	1.2551254034042358
-1.1196154356002808	1.368679165840149
-1.1209415197372437	1.4627619981765747
-1.1556123495101929	0.9654734134674072
1.583000898361206	-1.3945516347885132
-1.1321406364440918	1.5738723278045654
0.7284395098686218	0.41089776158332825
-1.17183518409729	1.3671205043792725
0.7850619554519653	0.27827146649360657
-1.205936074256897	1.3101469278335571
-1.0716636180877686	1.0564883947372437
-1.070640206336975	1.4774250984191895
-1.1622726917266846	1.2396372556686401
1.1089653968811035	-0.39613041281700134
-1.0272693634033203	0.9617573618888855
-1.136539340019226	1.1578692197799683
0.8928593993186951	-0.14084266126155853
-0.993105411529541	1.1280308961868286
1.6827024221420288	-1.4490666389465332
0.5488445162773132	0.0031760463025420904
-0.2550957202911377	0.19569768011569977
-0.5059102773666382	0.12745855748653412
-1.0297842025756836	1.4742586612701416
-1.1876230239868164	1.5227656364440918
1.0742230415344238	-0.5451430678367615
0.9231467843055725	-0.3023366928100586
-1.139143705368042	1.4450374841690063
-0.4854315519332886	0.6553992629051208
-0.2031177282333374	-0.12337476760149002
0.9700428247451782	0.20322173833847046
-1.0568541288375854	1.3871114253997803
1.566481113433838	-1.0229777097702026
0.809322714805603	-0.034976452589035034
1.5967493057250977	-1.275903344154358
-1.0084688663482666	1.0154341459274292
-1.0524630546569824	1.2003511190414429
1.199298620223999	-0.5518204569816589
-0.9367115497589111	0.9144178628921509
1.2720320224761963	-0.17776115238666534
1.1550102233886719	-0.9460690021514893
1.7020699977874756	-1.5764249563217163
-0.43931636214256287	-0.13321462273597717
-0.4048142731189728	0.2837345004081726
-1.061188817024231	1.0008084774017334
-0.3683701455593109	0.7145808935165405
-1.095754861831665	1.1027727127075195
0.8323981761932373	-0.030592503026127815
1.5230622291564941	-1.1400773525238037
0.627261221408844	0.1877138465642929
-0.4804428219795227	0.03847619518637657
0.4000674784183502	0.07815515995025635
-1.0740317106246948	1.0889564752578735
1.2754483222961426	-0.5801804661750793
0.7873578071594238	-0.03412562608718872
-0.9321742653846741	1.1098270416259766
-0.4363594651222229	0.27964386343955994
-0.9945045709609985	1.4200979471206665
1.6636918783187866	-1.5449187755584717
1.1957526206970215	-0.8441333770751953
-1.1701244115829468	1.040035367012024
-0.3886224925518036	0.10385769605636597
-1.1067994832992554	1.2558612823486328
1.121185302734375	-0.8154880404472351
-1.132130742073059	1.5557746887207031
-1.1841256618499756	1.1175038814544678
-1.0198501348495483	1.0487313270568848
-1.0783838033676147	1.1303887367248535
-1.1028141975402832	1.486026406288147
1.4773627519607544	-1.5852413177490234
0.5559757351875305	0.23124249279499054
0.8255060315132141	-0.26839324831962585
0.7965531349182129	-0.152892604470253
1.665128231048584	-1.532833456993103
-1.1474642753601074	1.1877769231796265
0.9532026052474976	-0.4909065067768097
1.5027636289596558	-1.1798821687698364
0.9159732460975647	-0.29836416244506836
0.6927914619445801	-0.1106862723827362
-1.1854722499847412	1.2295490503311157
1.145194172859192	-0.8622663617134094
-1.061181664466858	1.539135217666626
-0.486682653427124	-0.14590167999267578
-1.0853984355926514	1.781084656715393
-1.1647976636886597	1.175536870956421
0.4787525534629822	-0.1432424932718277
-1.0373188257217407	1.2046557664871216
-0.40812787413597107	0.21735024452209473
0.8073996901512146	-0.2232903242111206
0.4887240529060364	0.34424373507499695
-1.2031140327453613	1.3323653936386108
-0.27948665618896484	0.08257164061069489
0.0987733006477356	0.2567517161369324
-1.1455702781677246	1.209792971611023
-0.2834627330303192	0.4143347144126892
1.5748639106750488	-1.079455852508545
0.4592086374759674	0.673871636390686
0.4253230690956116	-0.07936663180589676
-1.0390790700912476	1.0058674812316895
-0.27099180221557617	-0.12216614931821823
1.587646722793579	-1.3587760925292969
1.0445467233657837	-0.3726799190044403
-0.2790426015853882	0.3423634469509125
0.7666643857955933	0.01637868583202362
-0.2765020430088043	0.29819610714912415
-1.1622726917266846	1.2396372556686401
-1.1540006399154663	1.016662359237671
0.8888827562332153	0.20216718316078186
-0.987747311592102	1.0922257900238037
1.1426194906234741	-0.661288857460022
-0.3580027222633362	0.01685003563761711
1.5804686546325684	-1.380338430404663
-1.0587276220321655	1.278408408164978
-1.1709167957305908	1.26880943775177
1.5465704202651978	-1.3287558555603027
0.5286069512367249	-0.018817320466041565
1.4512592554092407	-1.1651972532272339
-1.0879100561141968	1.2122021913528442
0.9078267216682434	0.06948027014732361
1.198102593421936	-0.7917587757110596
-0.26503831148147583	0.048005618155002594
-1.1365524530410767	0.9877456426620483
-1.1802771091461182	1.2895276546478271
-1.1916042566299438	1.4630757570266724
-1.0827497243881226	1.25777006149292
-1.1677544116973877	1.2045209407806396
-0.9886739253997803	1.0523947477340698
-1.1619752645492554	1.1195837259292603
-0.3975791335105896	0.412919819355011
0.1866280734539032	0.21476423740386963
0.33249297738075256	0.6518104672431946
-0.9892709255218506	1.0761873722076416
-1.1874984502792358	1.4555957317352295
-1.1622726917266846	1.2396372556686401
1.5312117338180542	-1.3271124362945557
-1.1753770112991333	1.1891791820526123
-1.1781560182571411	1.3761990070343018
0.8531678915023804	-0.1508331596851349
-1.1783456802368164	1.4126627445220947
-1.0827271938323975	1.1222319602966309
1.1957526206970215	-0.8441333770751953
1.5320340394973755	-1.6136821508407593
-1.168750286102295	1.1811027526855469
0.5941168069839478	-0.36855417490005493
1.5340462923049927	-1.3411473035812378
-1.1802771091461182	1.2895276546478271
-0.3810785412788391	0.5529139637947083
1.133238673210144	-0.7423230409622192
-1.136655569076538	1.273348331451416
-0.9896187782287598	0.7455384135246277
0.8073429465293884	0.2041628658771515
-0.27179646492004395	0.2560434341430664
1.5146400928497314	-1.360654354095459
-0.24537593126296997	-0.2876449525356293
1.5789802074432373	-1.1710885763168335
0.5385986566543579	0.30599263310432434
-1.1777948141098022	1.3633294105529785
-1.1026582717895508	1.2447291612625122
-0.9891884326934814	1.6169320344924927
1.5890111923217773	-1.3655638694763184
0.9180769920349121	-0.20274324715137482
-0.4976891875267029	0.40880292654037476
-0.9532418251037598	1.2922838926315308
0.30419883131980896	-0.12117922306060791
-1.1760157346725464	1.1899677515029907
-1.1232631206512451	1.4834257364273071
-0.4754784405231476	-0.09866172075271606
-1.1365524530410767	0.9877456426620483
-0.30947962403297424	0.09295901656150818
0.39421847462654114	-0.34057819843292236
-1.1416000127792358	1.141656756401062
1.610770344734192	-1.5233738422393799
-1.2231162786483765	1.3418190479278564
1.2715977430343628	-0.8888413906097412
-0.41540801525115967	0.0013548448914662004
-1.2077279090881348	1.0080605745315552
-1.173570156097412	1.539696216583252
0.7942581176757812	-0.1579265147447586
1.0207405090332031	-0.45753681659698486
-1.0555204153060913	1.2675766944885254
1.007266640663147	-0.05467013642191887
-0.9697263836860657	0.9358075857162476
1.3137702941894531	-0.7899952530860901
-1.0740317106246948	1.0889564752578735
-0.93526291847229	1.3982666730880737
-1.0394657850265503	1.1859806776046753
-1.1875226497650146	1.1044834852218628
0.49283087253570557	0.5552173256874084
-1.0368980169296265	0.9405865669250488
-0.35923540592193604	0.3565775454044342
1.5039379596710205	-1.0955036878585815
1.304054856300354	-0.6650816202163696
1.6037724018096924	-1.694050669670105
-1.0445430278778076	1.0113447904586792
-1.1821008920669556	1.4319453239440918
-1.0602539777755737	1.4187963008880615
-1.1596095561981201	1.1125622987747192
1.4991137981414795	-1.3142281770706177
1.42345130443573	-1.2279101610183716
-1.2130752801895142	1.326263189315796
-0.9817835688591003	1.2363561391830444
-1.1264264583587646	1.5435607433319092
-0.9830065369606018	1.142807126045227
-1.2044627666473389	1.4773478507995605
-1.1705029010772705	1.3664554357528687
-0.4285634458065033	0.5026112198829651
1.6001402139663696	-1.6938412189483643
0.5149475932121277	-0.610456109046936
0.7477468848228455	0.31860294938087463
-1.0524630546569824	1.2003511190414429
-0.5095483660697937	0.17086851596832275
-1.0619045495986938	1.0967124700546265
1.6074674129486084	-1.3803671598434448
-1.1802771091461182	1.2895276546478271
-0.34410780668258667	0.1953030824661255
-0.461272656917572	0.1832762509584427
1.5908775329589844	-1.2504042387008667
-1.0367132425308228	1.1550709009170532
1.2219765186309814	-0.5365212559700012
1.2087841033935547	-1.074005126953125
-1.1831244230270386	1.391426682472229
-1.2000088691711426	1.2701845169067383
-1.2317314147949219	1.300144910812378
-1.1480121612548828	1.361039161682129
0.20290859043598175	0.27352970838546753
-0.5080661773681641	-0.06344088912010193
-0.4411017596721649	-0.38446393609046936
0.8587419390678406	0.6781488656997681
1.6634011268615723	-1.7725986242294312
0.4781762361526489	0.17637492716312408
-1.110190510749817	1.345538854598999
-1.0272693634033203	0.9617573618888855
-1.2029379606246948	1.1783291101455688
0.793854832649231	-0.41530823707580566
0.4203851521015167	0.1486891210079193
-1.0687053203582764	1.238252878189087
0.7958112955093384	-0.047419000416994095
-1.174055814743042	0.8906744718551636
1.5669580698013306	-1.5661519765853882
-0.2501707673072815	0.38982683420181274
1.2274699211120605	-0.8401868343353271
0.8275929093360901	-0.14693254232406616
1.5680346488952637	-1.4570939540863037
-1.0810106992721558	1.200311303138733
-1.1875226497650146	1.1044834852218628
1.587877869606018	-1.6312716007232666
-1.1022543907165527	1.5345892906188965
1.1833231449127197	-0.8377856016159058
1.6059956550598145	-0.93443363904953
1.493829369544983	-1.032839059829712
1.502347707748413	-1.658599615097046
0.8039401769638062	-0.5124630331993103
-1.175979495048523	1.5065429210662842
0.8421763777732849	-0.2039421647787094
-1.0628379583358765	1.5105220079421997
-0.3827973008155823	0.7897835373878479
-1.082987666130066	1.3084317445755005
-0.4342833161354065	0.35397273302078247
-0.43474945425987244	0.30155134201049805
-0.3266094923019409	-0.03185390308499336
-1.1620543003082275	1.3295341730117798
-1.0285406112670898	1.1808644533157349
0.693077802658081	0.001560561009682715
-1.1654857397079468	1.264485478401184
-0.2587272822856903	0.14632652699947357
-1.0681869983673096	1.2194018363952637
1.5784788131713867	-1.3822914361953735
-1.1328891515731812	1.3461445569992065
-1.1185405254364014	1.7697155475616455
-1.0905094146728516	1.3843501806259155
-0.427569180727005	0.7158715128898621
0.8963627815246582	-0.4428268373012543
-0.5059102773666382	0.12745855748653412
-0.2880841791629791	-0.003632844425737858
-0.4804428219795227	0.03847619518637657
1.156511902809143	-0.736650288105011
-1.1652175188064575	1.430578351020813
-0.8805302977561951	0.8811955451965332
1.663936734199524	-0.7248311638832092
-0.46052005887031555	0.0801384225487709
-1.1753770112991333	1.1891791820526123
0.7622480988502502	-0.14254146814346313
1.6037625074386597	-1.2784724235534668
0.80406653881073	0.2738736867904663
-0.3236473798751831	-0.24104668200016022
-1.0374547243118286	1.1702204942703247
1.4726154804229736	-0.969550609588623
-1.1489208936691284	1.6336239576339722
1.1504223346710205	-0.8984881043434143
1.6494015455245972	-1.1556001901626587
0.9639528393745422	-0.052635230123996735
1.5562409162521362	-1.5619029998779297
1.2082204818725586	-0.8240764737129211
-1.150998592376709	1.2854186296463013
1.5013811588287354	-1.213791012763977
1.4425132274627686	-1.5140316486358643
-1.154260516166687	1.2480436563491821
-0.192709282040596	0.6094855666160583
0.7931181192398071	0.28871649503707886
1.5340462923049927	-1.3411473035812378
1.4436695575714111	-1.481260895729065
-0.3236473798751831	-0.24104668200016022
-0.4842871427536011	0.3706398606300354
0.5360987186431885	-0.16966716945171356
0.7461523413658142	0.5970726013183594
0.8065417408943176	0.025257006287574768
-1.095700740814209	1.4221444129943848
-0.26503831148147583	0.048005618155002594
0.9020388722419739	-0.05321072041988373
1.6334643363952637	-0.9748227596282959
0.9685809016227722	-1.0561859607696533
1.251151204109192	-0.5907886624336243
0.8688210844993591	-0.06108100339770317
-1.036510944366455	0.961561918258667
-0.3312170207500458	-0.05673928186297417
-1.1875226497650146	1.1044834852218628
-1.1503536701202393	1.6027567386627197
1.6048038005828857	-1.2480558156967163
-1.2026703357696533	1.184205174446106
-1.1865524053573608	1.0841680765151978
-1.1426875591278076	1.7528191804885864
-1.181032419204712	1.2836837768554688
0.7292643785476685	-0.392818421125412
-0.45596691966056824	0.465230792760849
0.8822369575500488	-0.11389470100402832
-0.473687082529068	0.3221805989742279
-1.1497273445129395	1.3508751392364502
-1.1794991493225098	1.487620234489441
-1.1802771091461182	1.2895276546478271
-0.9765666127204895	0.9725159406661987
-1.0391055345535278	0.9843357801437378
1.5881552696228027	-1.3261867761611938
-0.8995794057846069	0.8762457966804504
0.6552112102508545	0.7149773240089417
-1.0586974620819092	1.15145742893219
1.6699661016464233	-1.3045786619186401
-1.2000088691711426	1.2701845169067383
-0.9358904361724854	1.2489742040634155
-1.044041395187378	0.9085978865623474
-0.31647053360939026	0.4505447447299957
-0.962261974811554	0.5612441301345825
-1.100426435470581	1.2541862726211548
-1.1966465711593628	1.5216246843338013
0.9038189649581909	0.06378298997879028
-1.2066247463226318	1.5559399127960205
-1.0476807355880737	1.0401179790496826
-0.2946279048919678	-0.17302054166793823
-0.28326231241226196	0.28959912061691284
-1.1382814645767212	1.2288202047348022
-0.4031047224998474	0.6479241251945496
-0.41315343976020813	0.08319192379713058
0.5320826172828674	0.34265634417533875
-1.141550064086914	1.8229715824127197
1.1177642345428467	-0.499824196100235
-1.0932551622390747	1.1439765691757202
-0.3742590844631195	0.5922463536262512
-0.4689127504825592	0.29702645540237427
-1.1216859817504883	1.4014062881469727
-0.3514317274093628	0.4014955759048462
-1.1455702781677246	1.209792971611023
1.5196877717971802	-1.2805777788162231
-0.4931815564632416	0.316275030374527
1.6820249557495117	-1.7940198183059692
-1.0162231922149658	1.6919528245925903
0.4290233850479126	-0.32355910539627075
0.5185343623161316	-0.039040274918079376
-1.0262541770935059	0.949955940246582
1.5833605527877808	-1.2031885385513306
-1.1418046951293945	1.0928027629852295
-0.4768023192882538	0.17376823723316193
-0.46320411562919617	0.4944755733013153
0.8517956137657166	-0.16735008358955383
-0.5045587420463562	0.36269938945770264
-1.0223616361618042	1.0776163339614868
0.34458649158477783	0.6641255021095276
-1.1365524530410767	0.9877456426620483
-1.1837084293365479	1.318787932395935
0.4477025270462036	0.46837928891181946
0.6179136037826538	-0.47705990076065063
0.7762762904167175	-0.39248716831207275
-1.145302176475525	1.2261637449264526
0.8719934225082397	0.1271798014640808
-1.1480121612548828	1.361039161682129
1.0298832654953003	-0.13023245334625244
1.1546134948730469	-0.48829808831214905
-1.1743980646133423	1.264322280883789
-0.29576680064201355	0.2066180408000946
0.45698216557502747	0.015896493569016457
1.59496009349823	-1.6733249425888062
-1.1205722093582153	1.3498852252960205
1.4386670589447021	-1.1089608669281006
-1.172640323638916	1.4956691265106201
0.974045991897583	-0.1587245613336563
-1.0740317106246948	1.0889564752578735
-1.0391055345535278	0.9843357801437378
0.9860091209411621	-0.0705781877040863
-1.143383502960205	1.4082964658737183
-1.036510944366455	0.961561918258667
-0.3466510772705078	0.014977761544287205
0.4241524934768677	0.05817701295018196
1.1284234523773193	-0.451276034116745
-1.0568418502807617	1.2004098892211914
-1.1441559791564941	1.5436023473739624
0.8348219990730286	-0.4632948935031891
1.5840436220169067	-1.3896509408950806
-1.106027364730835	1.5899842977523804
1.5027055740356445	-1.3770860433578491
1.6116234064102173	-1.4878263473510742
-0.4520825445652008	0.13124819099903107
-0.38909322023391724	0.4851682782173157
1.5682448148727417	-1.440762996673584
0.5038501620292664	0.3835979998111725
1.5562409162521362	-1.5619029998779297
-1.1673029661178589	0.9491882920265198
1.48520827293396	-1.2612935304641724
-1.0182902812957764	1.083344578742981
1.1582696437835693	-0.1513618677854538
-1.1443116664886475	1.425883412361145
-1.0014219284057617	1.3041914701461792
-1.1428959369659424	1.7068750858306885
-1.0742511749267578	1.4770151376724243
-1.1526861190795898	1.1846648454666138
1.6801825761795044	-1.3938876390457153
-1.1109788417816162	1.2557547092437744
-0.9623069763183594	1.2178974151611328
-1.0892949104309082	1.191715121269226
-1.0794109106063843	1.2861989736557007
-1.0972378253936768	1.147897481918335
-1.1874182224273682	1.1172518730163574
-1.0286951065063477	0.8583534955978394
0.7907994985580444	-0.44727811217308044
1.09306800365448	0.014554060995578766
1.6053694486618042	-1.3881216049194336
1.5762407779693604	-1.362542986869812
0.675622820854187	-0.23633746802806854
1.1892743110656738	-0.2770826816558838
-1.174825668334961	1.3075239658355713
1.5562409162521362	-1.5619029998779297
-1.1649235486984253	1.2219645977020264
-1.1875226497650146	1.1044834852218628
-1.1710796356201172	1.0781829357147217
1.5477054119110107	-1.2401001453399658
-1.1753770112991333	1.1891791820526123
-1.1406375169754028	1.102382779121399
-0.4741155505180359	-0.07218168675899506
-1.057320475578308	0.994227409362793
0.45946264266967773	0.6590526103973389
0.8550142645835876	-0.08450239896774292
-1.1899089813232422	1.4053882360458374
-1.168750286102295	1.1811027526855469
-0.46213024854660034	0.3789207339286804
-1.0623855590820312	1.6116771697998047
-0.3333801031112671	0.4629567861557007
1.5704251527786255	-1.3067970275878906
1.156511902809143	-0.736650288105011
-1.0348981618881226	1.3842682838439941
-1.1678650379180908	1.522995948791504
0.7930849194526672	-0.0555703230202198
0.5224736928939819	0.34404242038726807
-0.4525926411151886	-0.34889501333236694
-0.4656509459018707	0.5945442318916321
-1.1705029010772705	1.3664554357528687
1.3767231702804565	-0.9767735004425049
0.5841951966285706	0.41414982080459595
0.5355103611946106	0.2241230309009552
-1.1120493412017822	1.4012205600738525
-1.101258397102356	1.4178658723831177
-1.0067795515060425	0.909916341304779
-0.3915436267852783	0.5977804660797119
-1.120689034461975	1.5060389041900635
0.8529739379882812	0.3238241672515869
-1.0524630546569824	1.2003511190414429
1.1210076808929443	-0.6431506872177124
-1.0697267055511475	1.3141674995422363
1.0011175870895386	-0.04184754192829132
1.1504223346710205	-0.8984881043434143
0.7447687387466431	0.45488548278808594
-1.0960341691970825	0.9241071939468384
-1.072608470916748	1.2502318620681763
1.0525922775268555	0.31040212512016296
-1.0473843812942505	1.0764243602752686
0.7524087429046631	-0.3769172132015228
1.6293039321899414	-1.4933640956878662
-1.0524630546569824	1.2003511190414429
-1.0740317106246948	1.0889564752578735
0.6699163913726807	-0.4642435610294342
-0.4008455276489258	0.5058571696281433
-0.22253882884979248	0.12125540524721146
-0.32536324858665466	-0.1034325659275055
-1.1002943515777588	1.4179232120513916
0.66110759973526	-0.1404089778661728
1.5562409162521362	-1.5619029998779297
-1.0131230354309082	1.1730600595474243
0.4215582609176636	0.07466711848974228
1.610909342765808	-1.4992797374725342
0.9117668271064758	0.1927330642938614
-1.1875226497650146	1.1044834852218628
-1.0656609535217285	1.2559592723846436
-1.0707985162734985	1.5171414613723755
1.6320958137512207	-1.263299822807312
-1.2026703357696533	1.184205174446106
0.7999467253684998	-0.23513084650039673
-1.0440397262573242	0.8276196122169495
-1.0168453454971313	1.1060600280761719
0.4147772490978241	0.1675342619419098
-1.188227653503418	1.209335207939148
-1.1515920162200928	1.3593213558197021
-1.1620543003082275	1.3295341730117798
-0.4328358769416809	0.3100718855857849
-1.054369330406189	1.3697303533554077
1.156511902809143	-0.736650288105011
-1.1361589431762695	1.4055397510528564
-1.1221294403076172	1.4221922159194946
0.9129053950309753	0.11473069339990616
-0.41403675079345703	0.4389570355415344
1.2122324705123901	-0.8270566463470459
-0.41626033186912537	0.16322435438632965
-1.1365524530410767	0.9877456426620483
0.7895212173461914	0.17224375903606415
-0.8965773582458496	1.4073166847229004
1.1137160062789917	-0.31982654333114624
-0.4795432984828949	0.21151529252529144
0.6583153605461121	-0.023629823699593544
1.5516148805618286	-1.0414961576461792
-1.0400902032852173	1.3896363973617554
-1.1342222690582275	1.4108079671859741
-1.1322301626205444	1.2394685745239258
-0.5087737441062927	0.16199390590190887
0.5923038721084595	0.21276642382144928
-0.4161483347415924	0.07873036712408066
0.902899444103241	0.36393070220947266
-0.29851099848747253	-0.09436393529176712
1.237392544746399	-0.5784037709236145
0.7789297699928284	-0.3759031891822815
-0.4269447326660156	0.3890984058380127
-0.3236473798751831	-0.24104668200016022
-1.1710433959960938	1.405153751373291
-0.44435879588127136	-0.03823994845151901
-0.4715380072593689	0.15205447375774384
0.856961727142334	-0.19410203397274017
-1.0048924684524536	0.9939586520195007
0.8383672833442688	0.34134185314178467
0.9153366088867188	-0.31203246116638184
-1.1807475090026855	1.0201165676116943
-1.0177088975906372	1.2077229022979736
1.5465668439865112	-0.7518093585968018
0.8866482973098755	-0.1643148511648178
0.3279277980327606	0.3630554676055908
-1.0200258493423462	1.7039072513580322
-0.34802114963531494	0.1353299766778946
-1.2026703357696533	1.184205174446106
1.2652416229248047	-1.0323739051818848
-0.4270526170730591	0.293300598859787
1.2092652320861816	-0.8144212365150452
1.5291904211044312	-1.4202053546905518
-1.1625945568084717	1.0744209289550781
-0.4754888415336609	0.24884463846683502
0.8861338496208191	0.7596678137779236
0.7929952144622803	0.03511568903923035
-1.08855140209198	1.4559996128082275
-1.1665782928466797	1.3993932008743286
-1.1270537376403809	1.4294317960739136
1.1286274194717407	-0.6547039151191711
0.5525140762329102	-0.3874361217021942
-0.4773648977279663	0.04007912799715996
1.5768171548843384	-0.9806490540504456
-1.2268558740615845	1.3720265626907349
-1.1658316850662231	1.2751737833023071
-1.010125994682312	1.4107547998428345
-0.452501118183136	0.16479918360710144
1.0397135019302368	0.12673698365688324
-1.1367990970611572	1.391970157623291
1.1979730129241943	-0.74811190366745
1.192740797996521	-0.4459373950958252
1.5408976078033447	-1.5018829107284546
1.0512750148773193	-0.17589430510997772
1.588616132736206	-1.6596441268920898
-1.2026703357696533	1.184205174446106
-0.42490455508232117	0.4389413297176361
-1.1372759342193604	1.3021658658981323
-1.1328887939453125	1.4696747064590454
1.583000898361206	-1.3945516347885132
-1.2130752801895142	1.326263189315796
-1.1440290212631226	1.5424144268035889
0.9068889021873474	-0.22338391840457916
-1.1695467233657837	1.5623630285263062
1.6763321161270142	-1.8046303987503052
-1.1304579973220825	1.128442406654358
-0.44258278608322144	0.6964513063430786
0.7602527141571045	-0.06866340339183807
-0.984268069267273	1.1828818321228027
0.8805370926856995	-0.12534290552139282
0.6109137535095215	0.43848153948783875
-0.45881903171539307	0.22749295830726624
-1.1489574909210205	1.2695717811584473
-1.2000088691711426	1.2701845169067383
-0.3266094923019409	-0.03185390308499336
-1.0955039262771606	1.0976258516311646
-1.156625747680664	1.4285839796066284
-1.0974836349487305	1.4418987035751343
-0.9760316610336304	0.6900993585586548
1.458542823791504	-1.2350112199783325
1.2976409196853638	-0.656359076499939
-1.1297088861465454	1.1298226118087769
-1.1293721199035645	1.36460542678833
-0.9886739253997803	1.0523947477340698
1.360219120979309	-1.1131324768066406
0.8186321258544922	0.14331011474132538
-0.486682653427124	-0.14590167999267578
-1.0507874488830566	1.1300684213638306
1.1954898834228516	-0.2569615840911865
0.7447687387466431	0.45488548278808594
-1.0286951065063477	0.8583534955978394
-0.40315619111061096	0.5353673100471497
0.7624832987785339	-0.08793652057647705
-1.111634373664856	1.4232184886932373
-1.060383677482605	1.0953710079193115
0.7097944021224976	0.3823210299015045
1.2892677783966064	-0.6958462595939636
-1.167089581489563	1.301780343055725
1.214231252670288	-0.9948542714118958
1.2989705801010132	-0.9628763794898987
0.6885738968849182	0.14323706924915314
-0.35686391592025757	0.35429686307907104
-0.40101730823516846	0.5323820114135742
-1.188114047050476	1.3085284233093262
1.6202516555786133	-1.3296825885772705
0.7973243594169617	0.025470998138189316
-0.34470582008361816	-0.33474910259246826
0.8611689209938049	-0.2759653627872467
0.8975372314453125	0.15448640286922455
-0.4731212556362152	0.33577582240104675
-1.1802771091461182	1.2895276546478271
-1.088183879852295	1.0421881675720215
-1.0541951656341553	1.0860799551010132
-1.1494821310043335	1.3248647451400757
0.667339563369751	-0.23723137378692627
0.5061520934104919	-0.15630333125591278
0.5349079966545105	0.0831371396780014
1.2212728261947632	-0.23781971633434296
1.6769061088562012	-1.7055217027664185
1.2122324705123901	-0.8270566463470459
-1.178931713104248	1.3742320537567139
-1.0740317106246948	1.0889564752578735
1.251151204109192	-0.5907886624336243
-1.0916931629180908	1.3357280492782593
0.96003258228302	-0.4242815673351288
0.927710235118866	-0.15500769019126892
-1.1844474077224731	1.2242120504379272
-1.0941904783248901	1.070887804031372
-1.1012628078460693	1.4680503606796265
0.7660687565803528	0.08860645443201065
1.2203530073165894	-1.105266809463501
-0.3243788480758667	-0.013106344267725945
0.7974759936332703	-0.15197274088859558
-0.9973621368408203	0.9492806196212769
-0.38282302021980286	0.12969261407852173
-0.4372912049293518	0.46295976638793945
-1.1295278072357178	1.609841227531433
1.2529494762420654	-0.6991571187973022
0.6401883959770203	-0.026492729783058167
1.1972635984420776	-0.5289431810379028
0.13791169226169586	0.03699937462806702
-1.0506882667541504	1.300809383392334
0.8924049735069275	-0.20194777846336365
1.2566505670547485	-0.5556017756462097
-1.115010142326355	1.2481143474578857
-1.012752890586853	1.224424123764038
-1.085456371307373	1.0975245237350464
-1.0722935199737549	0.9434584975242615
-0.32536324858665466	-0.1034325659275055
1.6091781854629517	-1.339449405670166
-1.064569354057312	1.1563891172409058
1.4773627519607544	-1.5852413177490234
1.1351678371429443	-0.6140987873077393
0.7112697958946228	0.26166123151779175
-1.136539340019226	1.1578692197799683
0.8990438580513	-0.42260104417800903
1.5488048791885376	-1.2839411497116089
0.9312707781791687	-0.51688551902771
-0.47855719923973083	0.36338359117507935
0.5400415658950806	-0.38086405396461487
-0.3338431417942047	0.10136427730321884
-1.106557011604309	1.3862180709838867
-0.9595791697502136	1.5379892587661743
-1.0466970205307007	1.1456592082977295
-0.46123090386390686	1.053303599357605
-0.5059102773666382	0.12745855748653412
0.5841951966285706	0.41414982080459595
0.3431749641895294	0.497522234916687
1.632498025894165	-1.2865227460861206
-1.0740317106246948	1.0889564752578735
0.609759509563446	0.1733831912279129
-1.0716636180877686	1.0564883947372437
1.5751475095748901	-1.033887267112732
0.745958685874939	-0.047687772661447525
-0.3179527223110199	-0.35684263706207275
0.5224736928939819	0.34404242038726807
0.5902224779129028	0.4674842357635498
1.6731053590774536	-1.7100352048873901
-1.0440397262573242	0.8276196122169495
0.9020388722419739	-0.05321072041988373
-1.1416000127792358	1.141656756401062
-1.000922679901123	1.3078058958053589
-0.23173737525939941	0.26606830954551697
-0.47238844633102417	0.5462046265602112
0.30044126510620117	0.6105926632881165
-0.9704588651657104	1.0503772497177124
-0.3236473798751831	-0.24104668200016022
0.722896158695221	-0.20687098801136017
-1.2029386758804321	1.437538504600525
-1.0269145965576172	0.9369152188301086
1.0700072050094604	-0.33157092332839966
0.7477468848228455	0.31860294938087463
1.5076361894607544	-0.991513192653656
0.7682977318763733	-0.3193258047103882
-1.1789971590042114	1.098401427268982
-0.21233753859996796	-0.15596608817577362
-0.4009302258491516	0.15185731649398804
0.502892255783081	0.2571426331996918
1.1989835500717163	-0.8492651581764221
-1.1739109754562378	1.3196736574172974
-1.028387427330017	1.0249295234680176
0.3525574505329132	0.276888370513916
1.2407622337341309	-1.1008180379867554
0.8460114002227783	-0.45317313075065613
-0.321382999420166	0.2844373881816864
1.2818711996078491	-0.5209647417068481
-1.1541576385498047	1.5202082395553589
-1.0466970205307007	1.1456592082977295
-0.43037593364715576	0.004666560795158148
-1.0428227186203003	1.5046961307525635
-1.1767809391021729	1.2410908937454224
-1.0345879793167114	0.7856747508049011
1.587877869606018	-1.6312716007232666
-1.1880507469177246	1.7618741989135742
0.9503875970840454	0.11804212629795074
-1.1074988842010498	1.3052382469177246
1.530442237854004	-1.247314214706421
1.6769061088562012	-1.7055217027664185
-1.0881884098052979	1.3113985061645508
0.9333347082138062	-0.13710267841815948
-0.43129488825798035	0.3540712893009186
1.4920133352279663	-1.2356435060501099
1.6672793626785278	-2.070213794708252
1.0495792627334595	-0.7264338135719299
-1.1728981733322144	1.0699234008789062
-1.1326022148132324	1.1507259607315063
1.4773627519607544	-1.5852413177490234
0.5313084721565247	0.5219734907150269
-0.20564323663711548	0.1326756477355957
-1.0112587213516235	1.2246630191802979
-1.0267771482467651	1.3890554904937744
-0.4497103691101074	0.2890286147594452
1.1571451425552368	-0.9560606479644775
-0.4455268979072571	0.6221703886985779
-1.1138648986816406	0.7439183592796326
-1.0923130512237549	1.8076273202896118
-0.5154761672019958	0.15690821409225464
-1.165382981300354	1.6081355810165405
-0.4262120723724365	0.034523651003837585
0.20410668849945068	0.5547455549240112
1.1485328674316406	-0.8118996024131775
1.3027220964431763	-1.040103793144226
-0.4171702265739441	0.2587043344974518
1.549369215965271	-0.9647087454795837
-1.1783825159072876	1.4382377862930298
-1.1478173732757568	1.0309057235717773
-0.9970025420188904	1.5206161737442017
0.5852155685424805	0.422593891620636
0.533698558807373	-0.12843436002731323
0.3540174067020416	0.08310490101575851
0.7492135167121887	-0.11853744089603424
0.8968030214309692	0.000359075958840549
-0.999352216720581	1.1834808588027954
1.121185302734375	-0.8154880404472351
1.2005783319473267	-0.6071698069572449
-1.1570197343826294	1.0934830904006958
0.8736871480941772	-0.12242407351732254
-0.38588747382164	1.2462271451950073
-0.3954012393951416	0.1793712079524994
-1.0339049100875854	1.1933536529541016
1.2032831907272339	-0.9789442420005798
0.20303185284137726	-0.08324413746595383
-1.1571060419082642	1.1384598016738892
1.6229534149169922	-1.3115227222442627
-1.058397889137268	0.9271497130393982
0.9195335507392883	0.051595237106084824
-1.1402531862258911	1.5221142768859863
-1.125985860824585	1.0440746545791626
-1.1620543003082275	1.3295341730117798
-0.498399019241333	0.16614161431789398
0.8405137658119202	0.49496203660964966
1.0627683401107788	-0.6452029943466187
0.23159056901931763	-0.22650645673274994
0.5284656286239624	0.21847611665725708
-1.2029379606246948	1.1783291101455688
-1.1052242517471313	1.1869405508041382
1.516994833946228	-1.325176477432251
1.5238611698150635	-0.8742195963859558
-1.1439207792282104	1.0163421630859375
-1.0527081489562988	0.9189661145210266
0.44226717948913574	-0.19311140477657318
-0.25943097472190857	0.27543067932128906
-0.27179646492004395	0.2560434341430664
-0.47962817549705505	0.2574005424976349
0.8302551507949829	-0.11824242025613785
-0.9058434963226318	1.274950385093689
-1.2026703357696533	1.184205174446106
1.6699661016464233	-1.3045786619186401
0.4262407720088959	0.29821979999542236
0.3069664537906647	-0.16328711807727814
-0.99014812707901	0.9117866158485413
0.7614301443099976	-0.2915809452533722
-0.4754784405231476	-0.09866172075271606
-1.0286951065063477	0.8583534955978394
-1.0524630546569824	1.2003511190414429
-1.210209846496582	1.1184676885604858
-1.0269145965576172	0.9369152188301086
0.7922406196594238	-0.2743470370769501
0.7200464010238647	0.4000304639339447
-1.1875226497650146	1.1044834852218628
-0.3266094923019409	-0.03185390308499336
-1.2026703357696533	1.184205174446106
-1.0541951656341553	1.0860799551010132
1.6363345384597778	-0.635219395160675
1.549662470817566	-1.4396982192993164
-1.1802771091461182	1.2895276546478271
-0.39448246359825134	0.45465952157974243
-1.0112587213516235	1.2246630191802979
-1.142167091369629	0.8618659377098083
-0.43858063220977783	0.6957622766494751
-0.36476561427116394	0.46184900403022766
-1.0131746530532837	1.656066656112671
-1.1422667503356934	1.5365227460861206
-1.1661736965179443	1.2778376340866089
-0.9863587021827698	1.332348346710205
-0.42351794242858887	-0.4536621868610382
-1.1753770112991333	1.1891791820526123
-0.4351266026496887	0.49210041761398315
-0.29053595662117004	-0.10557076334953308
-1.1602429151535034	1.4345453977584839
-1.1701147556304932	1.3255418539047241
-0.42956504225730896	1.04252290725708
0.7366484999656677	0.2445400059223175
-1.175536870956421	1.438309669494629
1.234925389289856	-0.755200982093811
1.0074414014816284	-0.6637976765632629
-1.008270025253296	0.9351893067359924
-1.1468021869659424	1.2625806331634521
1.5887093544006348	-1.5275390148162842
-0.41798368096351624	0.5297213792800903
-1.1966465711593628	1.5216246843338013
-0.9892709255218506	1.0761873722076416
-1.0476807355880737	1.0401179790496826
-1.185699462890625	1.6332584619522095
0.9231440424919128	-0.07560724765062332
-0.36036568880081177	0.08384273946285248
1.5627973079681396	-1.032046914100647
-1.078896164894104	1.291018009185791
1.107540249824524	-0.47511541843414307
0.8380703926086426	0.14364251494407654
-1.0818053483963013	1.598025918006897
-1.1172631978988647	1.3908189535140991
-1.1424789428710938	1.3402272462844849
-1.1365524530410767	0.9877456426620483
-1.0378116369247437	1.1037116050720215
0.5831370949745178	0.31368088722229004
-0.4317783713340759	0.5630545020103455
-1.0193332433700562	1.4624698162078857
-1.1710796356201172	1.0781829357147217
-1.0269145965576172	0.9369152188301086
-1.186141848564148	1.0053023099899292
1.4591120481491089	-1.5889220237731934
-0.33393874764442444	-0.21626630425453186
1.6549983024597168	-1.4179624319076538
1.0928168296813965	-0.43276357650756836
-0.9486014246940613	1.4019187688827515
0.7798678874969482	0.0010164546547457576
-0.24480079114437103	0.10031343996524811
-1.2056158781051636	1.3704638481140137
-0.46320411562919617	0.4944755733013153
0.5493766069412231	-0.5077852010726929
-1.0890389680862427	1.2814600467681885
1.14314866065979	-0.3320111632347107
-1.1647976636886597	1.175536870956421
-1.154537558555603	1.1900721788406372
-1.2134289741516113	1.3246417045593262
-0.41693350672721863	0.42971721291542053
-0.3243788480758667	-0.013106344267725945
0.5384280681610107	-0.2409556657075882
-1.1808301210403442	1.3643083572387695
-1.1874182224273682	1.1172518730163574
0.8745853900909424	0.18180999159812927
-1.0193519592285156	1.3421095609664917
-1.1024218797683716	1.224174976348877
1.5877985954284668	-1.4008800983428955
0.18382640182971954	0.5252082943916321
-0.35608065128326416	0.26503002643585205
1.5828663110733032	-1.2243725061416626
1.1504223346710205	-0.8984881043434143
-0.31069621443748474	0.2509249150753021
1.110232949256897	-0.5008562207221985
-0.9915030598640442	1.2506637573242188
-1.1595503091812134	1.2313982248306274
-0.4034963548183441	0.3050614893436432
-1.0590845346450806	1.4206993579864502
-0.4086437523365021	0.5548548102378845
-1.1460340023040771	0.9747830033302307
-1.1985100507736206	1.3915420770645142
-0.3360869884490967	0.691318690776825
1.2240127325057983	-0.57347172498703
-0.9830065369606018	1.142807126045227
-0.2529394030570984	0.006693478673696518
1.01310396194458	-0.2194453477859497
-0.3589874505996704	-0.12689019739627838
-0.33416610956192017	-0.0715462788939476
0.8954359889030457	0.009716165252029896
1.0768961906433105	-0.7757534384727478
-0.4446730613708496	0.6591333746910095
-1.0197103023529053	1.2014930248260498
0.7869702577590942	0.1231778934597969
-1.0095188617706299	1.0467884540557861
-1.0361075401306152	1.2714811563491821
1.584703803062439	-1.4129668474197388
-1.1802771091461182	1.2895276546478271
1.168923258781433	0.21823473274707794
0.7440429925918579	0.023250631988048553
1.5401772260665894	-1.2706109285354614
-1.1913073062896729	1.293495535850525
-1.1872882843017578	1.323163390159607
0.7971416115760803	-0.14805157482624054
-1.0740317106246948	1.0889564752578735
-1.1393084526062012	1.5881086587905884
-0.3266094923019409	-0.03185390308499336
-1.0740317106246948	1.0889564752578735
0.40395572781562805	0.3648798167705536
0.74222731590271	0.08057467639446259
-0.4999821186065674	0.37091949582099915
0.5567865967750549	0.26400044560432434
-1.176925778388977	1.3318121433258057
0.9500778317451477	-0.45057472586631775
0.5238662958145142	0.2196241021156311
-1.2026703357696533	1.184205174446106
-0.917874276638031	1.5031285285949707
-1.2026703357696533	1.184205174446106
-1.1689256429672241	1.354856014251709
-0.9292320609092712	1.0644925832748413
1.5542670488357544	-0.9870476126670837
-0.9018341898918152	0.9393307566642761
0.8799868226051331	0.06683164089918137
-0.23531974852085114	0.35114532709121704
0.7773417234420776	0.019489821046590805
-1.1510127782821655	1.9349818229675293
0.8717460632324219	-0.44477471709251404
-0.32817545533180237	0.12244462221860886
-1.1217596530914307	1.9182928800582886
0.7668922543525696	-0.20481696724891663
1.560368537902832	-1.1534451246261597
-1.1255637407302856	1.5111334323883057
-1.0286813974380493	1.0951529741287231
-1.018480658531189	1.2195950746536255
-1.0368980169296265	0.9405865669250488
1.6813337802886963	-1.6257885694503784
-0.47962817549705505	0.2574005424976349
1.6378196477890015	-1.4803130626678467
-1.2183517217636108	1.4794280529022217
-0.2918529212474823	-0.4532139301300049
-1.0368980169296265	0.9405865669250488
1.601609706878662	-1.3160220384597778
-0.4095771908760071	0.22166486084461212
-0.33607369661331177	0.19574105739593506
-0.4030080735683441	-0.2575470507144928
-1.175361156463623	1.151431679725647
0.7978239059448242	-0.2566460072994232
-1.1096141338348389	1.7840895652770996
-1.051338791847229	1.2594674825668335
-0.2277427315711975	0.6485702395439148
-0.2750670611858368	-0.21562433242797852
-0.296663761138916	-0.18432581424713135
0.9280125498771667	0.053363654762506485
1.6924880743026733	-1.5619711875915527
0.7699685096740723	0.16341808438301086
0.6853286623954773	-0.3156457543373108
-1.1753770112991333	1.1891791820526123
0.522295355796814	-0.2159259170293808
1.5713757276535034	-1.1780258417129517
1.665128231048584	-1.532833456993103
-0.8965773582458496	1.4073166847229004
-1.1891173124313354	1.3273826837539673
-1.1591250896453857	1.261647343635559
0.6322011351585388	0.2600969672203064
1.546554446220398	-1.0301612615585327
-1.1300374269485474	1.3105604648590088
1.587646722793579	-1.3587760925292969
0.7565150856971741	0.2173137217760086
-1.2000088691711426	1.2701845169067383
-1.1764286756515503	1.5788637399673462
-1.1647976636886597	1.175536870956421
-0.3590885102748871	0.22141078114509583
0.9311969876289368	-0.06415048241615295
-1.1271599531173706	1.151551365852356
0.6159508228302002	0.009628856554627419
1.3012627363204956	-0.8782982230186462
-1.0524630546569824	1.2003511190414429
0.9392163157463074	-0.2755890190601349
0.7863219380378723	0.3851953446865082
-0.32594549655914307	-0.213361456990242
1.6051822900772095	-1.3580856323242188
-1.0983633995056152	1.0239101648330688
1.5330348014831543	-1.329445719718933
-0.9886739253997803	1.0523947477340698
0.8672732710838318	0.26377516984939575
0.828782856464386	-0.009989501908421516
1.52821683883667	-1.4591102600097656
-1.1664528846740723	1.187155842781067
-0.9507215619087219	0.9532803893089294
-1.0677660703659058	1.2931205034255981
-1.2029379606246948	1.1783291101455688
1.6622084379196167	-1.569257378578186
-0.25679346919059753	0.05712531879544258
0.47383999824523926	0.13325455784797668
1.2035136222839355	-0.8829261660575867
-0.2782977521419525	-0.4841703474521637
-0.37896591424942017	0.18152809143066406
-0.4147723317146301	0.4669492542743683
-1.1875226497650146	1.1044834852218628
0.80406653881073	0.2738736867904663
-0.21888718008995056	0.31738948822021484
-0.4394032955169678	0.2362498790025711
-1.0010298490524292	1.190030574798584
-1.1541576385498047	1.5202082395553589
1.6540931463241577	-1.4292417764663696
1.5876390933990479	-1.3139773607254028
1.5976526737213135	-1.4758083820343018
-1.1617567539215088	1.1419758796691895
-0.475477933883667	0.9510846734046936
-1.1174397468566895	1.4602086544036865
-0.3150779604911804	-0.319990336894989
0.4656966030597687	0.0182518158107996
0.6441497206687927	0.4301377832889557
-1.0272693634033203	0.9617579579353333
1.5932574272155762	-1.3893482685089111
0.3818551003932953	-0.09979558736085892
0.5005097985267639	0.429577112197876
-1.0345938205718994	0.8359124660491943
-1.1880507469177246	1.761875033378601
-0.8965771794319153	1.407317042350769
